{
    "@metadata": {
        "authors": [
            "Ayie7791"
        ]
    },
    "Apps.subtitle": "Ruweuëng meuprogram ban leumah",
    "Apps.blocklyMessage": "Teutheun",
    "Apps.codeTooltip": "Eu kode JavaScript yang geupeuhasé",
    "Apps.linkTooltip": "Keubah ngon neupawôt keu theun",
    "Apps.runTooltip": "Neupeujak program nyang geupeuteutap le seuneutheun lam ruweuëng keurija",
    "Apps.runProgram": "Peujak program",
    "Apps.resetProgram": "Atô keulayi",
    "Apps.dialogOk": "Ka got",
    "Apps.dialogCancel": "Peubateuë",
    "Apps.catLogic": "Logis",
    "Apps.catLoops": "Kuwien",
    "Apps.catMath": "Matematik",
    "Apps.catText": "Haraih",
    "Apps.catLists": "Dapeuta",
    "Apps.catColour": "Wareuna",
    "Apps.catVariables": "Meumacam",
    "Apps.catProcedures": "Prosedur",
    "Apps.httpRequestError": "Na masalah lam neumeulakèe",
    "Apps.linkAlert": "Neubagi seuneutheun droëneuh ngon peunawôt nyoë: %1",
    "Apps.hashError": "Meu'ah, '%1' hana saban sakri ngon peuë mantong program nyang meukeubah",
    "Apps.xmlError": "Beureukaih keuneubah droëneuh han jeuët geupasoë. Kadang na neupeugot ngon versi seuneutheun yang la'én",
    "Apps.listVariable": "dapeuta",
    "Apps.textVariable": "haraih",
    "Code.badXml": "Ralat 'oh geuploh XML\n%1\n\nNeupileh 'OK' keu peulucôt meuandam droëneuh atawa 'Peubateuë' keu neusambông meuandam XML-jih",
    "Code.badCode": "Ralat program\n%1",
    "Code.timeout": "Eksekusi maksimum ka leupah",
    "Code.discard": "Sampôh mandum %1 seuneutheun",
    "Code.title": "Kode",
    "Code.blocks": "Seuneutheun",
    "Code.trashTooltip": "Boh mandum seuneutheun",
    "Graph.title": "kalkulator graf",
    "Apps.indexTitle": "Aplikasi seuneutheun",
    "Apps.indexFooter": "Blockly nakeuh bibeuëh ngon meunè nyang teuhah.\nSoë mantong nyang meuripèe kode atawa teujeumah keu Blockly, atawa geungui Blockly lam aplikasi droëneuh, neukunjông %1.",
    "Apps.choiceIntro": "Blockly nakeuh ruweuëng meuprogram grafis. Dimeuyub nyoë nakeuh meupadum boh conto aplikasi nyang geunguy Blockly.",
    "Puzzle.title": "Hiëm",
    "Apps.puzzleSubtitle": "Meurunoë meungui antaramuka Blockly.",
    "Maze.maze": "Pageuë peusisat",
    "Apps.mazeSubtitle": "Neungui Blockly keu peuseuleusoë pageuë sisat.",
    "Turtle.title": "Punyië Gfarfis",
    "Apps.turtleSubtitle": "Neungui Blockly ngon meugamba.",
    "Apps.graphSubtitle": "Neuplot guna ngon Blockly.",
    "Apps.codeSubtitle": "Neu eksport program Blockly u dalam JavaScript, Phyton atawa XMK.",
    "Plane.plane": "Peukakah Bileuëng Kurusi Kapai Teureubang.",
    "Apps.planeSubtitle": "Neupeuglah masalah matematik ngon saboh atawa dua kri neuubah.",
    "Apps.blockFactory": "Pabrék Block",
    "Apps.blockfactorySubtitle": "Puga blok-blok peuneugot keudroë ngon Blockly.",
    "Maze.moveForward": "ba ukeuë",
    "Maze.turnLeft": "Puta wië",
    "Maze.turnRight": "puta uneun",
    "Maze.doCode": "peubuët",
    "Maze.elseCode": "meunghan",
    "Maze.helpIfElse": "Meunyoë-la'én block ka neupeugot saboh hai atawa la'én",
    "Maze.pathAhead": "meunyoë na leupah ukeuë",
    "Maze.pathLeft": "meunyoë na leupah uwië",
    "Maze.pathRight": "meunyoë na leupah u uneun",
    "Maze.repeatUntil": "neuulang sampoë",
    "Maze.moveForwardTooltip": "Pinah ureuëng meu'èn saboh kutak ukeuë.",
    "Maze.turnTooltip": "Peulingka ureuëng meu'en 90 derjat u wië atawa uneun.",
    "Puzzle.country1": "Australia",
    "Puzzle.country1Language": "Inggréh",
    "Puzzle.country1City1": "Melbourne",
    "Puzzle.country1City2": "Sydney",
    "Puzzle.country1HelpUrl": "https://ace.wikipedia.org/wiki/Australia",
    "Puzzle.country2": "Jeureuman",
    "Puzzle.country2Language": "Jeureuman",
    "Puzzle.country2City1": "Berlin",
    "Puzzle.country2City2": "Munich",
    "Puzzle.country2HelpUrl": "https://ace.wikipedia.org/wiki/Jeureuman",
    "Puzzle.country3": "Cina",
    "Puzzle.country3Language": "Cina",
    "Puzzle.country3City1": "Beijing",
    "Puzzle.country3City2": "Shanghai",
    "Puzzle.country3HelpUrl": "https://ace.wikipedia.org/wiki/China",
    "Puzzle.country4": "Brazil",
    "Puzzle.country4Language": "Portugéh",
    "Puzzle.country4City1": "Rio de Janeiro",
    "Puzzle.country4City2": "Sao Paulo",
    "Puzzle.country4HelpUrl": "https://ace.wikipedia.org/wiki/Brazil",
    "Puzzle.flag": "'alam:",
    "Puzzle.language": "bahsa:",
    "Puzzle.languageChoose": "piléh",
    "Puzzle.cities": "banda:",
    "Puzzle.error0": "samporeuna!\nBanmandum % 1 blok ka beutôi.",
    "Puzzle.error1": "Bacut teuk! Saboh blok hana beutôi",
    "Puzzle.error2": "% 1 blok hana beutôi.",
    "Puzzle.tryAgain": "Blok nyang geupeuleumah hana beutôi. Neucuba lom.",
    "Puzzle.checkAnswers": "Pareksa jeunaweueb",
    "Turtle.moveForward": "ba ukeuë",
    "Turtle.moveBackward": "ba u likot"
}