{
    "@metadata": [],
    "Apps.dialogOk": "OK",
    "Puzzle.title": "Legkaart",
    "Puzzle.country1": "Australië",
    "Puzzle.country1Language": "Engels",
    "Puzzle.country1City1": "Melbourne",
    "Puzzle.country1City2": "Sydney",
    "Puzzle.country1HelpUrl": "https://af.wikipedia.org/wiki/Australië",
    "Puzzle.country2": "Duitsland",
    "Puzzle.country2Language": "Duits",
    "Puzzle.country2City1": "Berlyn",
    "Puzzle.country2City2": "München",
    "Puzzle.country2HelpUrl": "https://af.wikipedia.org/wiki/Duitsland",
    "Puzzle.country3": "Sjina",
    "Puzzle.country3Language": "Sjinees",
    "Puzzle.country3City1": "Beijing",
    "Puzzle.country3City2": "Shanghai",
    "Puzzle.country3HelpUrl": "https://af.wikipedia.org/wiki/Sjina",
    "Puzzle.country4": "Brasilië",
    "Puzzle.country4Language": "Portugees",
    "Puzzle.country4City1": "Rio de Janeiro",
    "Puzzle.country4City2": "São Paulo",
    "Puzzle.country4HelpUrl": "https://af.wikipedia.org/wiki/Brasilië",
    "Puzzle.flag": "vlag:",
    "Puzzle.language": "taal:",
    "Puzzle.languageChoose": "kies...",
    "Puzzle.cities": "stede:",
    "Puzzle.error0": "Perfek!\nAl %1 blokke is korrek.",
    "Puzzle.error1": "Byna! Eén blok is inkorrek.",
    "Puzzle.error2": "%1 blokke is inkorrek.",
    "Puzzle.tryAgain": "Die gemerkte blok is nie korrek nie.\nHou aan om te probeer.",
    "Puzzle.help": "Hulp",
    "Puzzle.checkAnswers": "Kontroleer antwoorde",
    "Puzzle.helpText": "Vir elke land (groen), koppel die vlag, kies die taal en maak 'n stapel van sy stede."
}