{
    "@metadata": [],
    "Puzzle.country1": "اوستراليا",
    "Puzzle.country1Language": "انجليزى",
    "Puzzle.country1City1": "ميلبورن",
    "Puzzle.country1City2": "سيدنى",
    "Puzzle.country1HelpUrl": "https://arz.wikipedia.org/wiki/%D8%A7%D9%88%D8%B3%D8%AA%D8%B1%D8%A7%D9%84%D9%8A%D8%A7",
    "Puzzle.country2": "المانيا",
    "Puzzle.country2Language": "المانى",
    "Puzzle.country2City1": "برلين",
    "Puzzle.country2City2": "ميونيخ",
    "Puzzle.country2HelpUrl": "https://arz.wikipedia.org/wiki/المانيا",
    "Puzzle.country3": "الصين",
    "Puzzle.country3Language": "صينى",
    "Puzzle.country3City1": "بيكين",
    "Puzzle.country3HelpUrl": "https://arz.wikipedia.org/wiki/الصين",
    "Puzzle.country4": "برازيل",
    "Puzzle.country4City2": "ساو باولو",
    "Puzzle.country4HelpUrl": "https://arz.wikipedia.org/wiki/برازيل",
    "Puzzle.error2": "%1 مكعبات غلط.",
    "Puzzle.checkAnswers": "شوف الإجابات"
}