{
    "@metadata": {
        "authors": [
            "Cekli829",
            "Khan27",
            "Mushviq Abdulla"
        ]
    },
    "Apps.dialogCancel": "Ləğv et",
    "Apps.catText": "Mətn",
    "Apps.catLists": "Siyahılar",
    "Apps.catColour": "Rəng",
    "Apps.catVariables": "Dəyişənlər",
    "Apps.catProcedures": "Prosedurları",
    "Apps.listVariable": "siyahı",
    "Apps.textVariable": "mətn",
    "Code.badCode": "Proqram xətası:\n%1",
    "Code.title": "Kod",
    "Code.blocks": "Bloklar",
    "Code.trashTooltip": "Bütün bloklardan imtina et.",
    "Graph.title": "Qrafika kalkulyatoru",
    "Apps.choiceIntro": "Blockly-qrafik proqram təminatıdır. Aşağıda Blockly-dən istifadə edən əlavələrin nümunələri göstərilmişdir.",
    "Puzzle.title": "Tapmaca",
    "Apps.puzzleSubtitle": "Blockly interfeysindən istifadə etməyi öyrənin.",
    "Maze.maze": "Labirint",
    "Apps.mazeSubtitle": "Blockly-dən istifadə edərək labirintdən keçməyi öyrənin.",
    "Apps.turtleSubtitle": "Blockly-dən rəsm çəkmək üçün istifadə edin.",
    "Apps.codeSubtitle": "Blockly proqramını JavaScript, Python, Dart və ya XML formatına çevirin.",
    "Maze.turnLeft": "sola dönün",
    "Maze.turnRight": "sağa dönün",
    "Plane.placeholder": "?",
    "Puzzle.country1": "Avstraliya",
    "Puzzle.country1Language": "İngiliscə",
    "Puzzle.country1City2": "Sidney",
    "Puzzle.country1HelpUrl": "https://az.wikipedia.org/wiki/Avstraliya",
    "Puzzle.country2": "Almaniya",
    "Puzzle.country2Language": "Alman",
    "Puzzle.country2City1": "Berlin",
    "Puzzle.country2City2": "Münhen",
    "Puzzle.country2HelpUrl": "https://az.wikipedia.org/wiki/Almaniya",
    "Puzzle.country3": "Çin",
    "Puzzle.country3City1": "Pekin",
    "Puzzle.country3City2": "Şanxay",
    "Puzzle.country3HelpUrl": "https://az.wikipedia.org/wiki/Çin",
    "Puzzle.country4": "Braziliya",
    "Puzzle.country4Language": "Portuqalca",
    "Puzzle.country4City1": "Rio de Janeyro",
    "Puzzle.country4City2": "San Paulo",
    "Puzzle.country4HelpUrl": "https://az.wikipedia.org/wiki/Braziliya",
    "Puzzle.flag": "bayraq:",
    "Puzzle.language": "dil:",
    "Puzzle.languageChoose": "seç...",
    "Puzzle.cities": "şəhərlər:",
    "Puzzle.error0": "Mükəmməl!\n%1 blokun hamısı doğrudur.",
    "Puzzle.error1": "Demək olar ki! Bir blok səhvdir.",
    "Puzzle.tryAgain": "Vurğulanan blok səhvdir.\nÇalışmağa davam.",
    "Puzzle.help": "Kömək",
    "Puzzle.checkAnswers": "Cavabları Yoxla",
    "Turtle.font": "şrift",
    "Turtle.fontSize": "şriftin ölçüsü",
    "Turtle.fontNormal": "normal",
    "Turtle.imgFilename": "drawing.png"
}