{
    "@metadata": [],
    "Apps.dialogOk": "ঠিক আছে",
    "Puzzle.country1": "অস্ট্রেলিয়া",
    "Puzzle.country1Language": "ইংরেজি",
    "Puzzle.country1City1": "মেলবোর্ন",
    "Puzzle.country1City2": "সিডনি",
    "Puzzle.country2": "জার্মানী",
    "Puzzle.country2Language": "জার্মান",
    "Puzzle.country2City1": "বার্লিন",
    "Puzzle.country2City2": "মিউনিখ",
    "Puzzle.country3": "চীন",
    "Puzzle.country3Language": "চাইনিজ",
    "Puzzle.country3City1": "বেইজিং",
    "Puzzle.country3City2": "সাংহাই",
    "Puzzle.country4": "ব্রাজিল",
    "Puzzle.country4Language": "পর্তুগীজ",
    "Puzzle.country4City1": "রিউ দি জানেইরু",
    "Puzzle.country4City2": "সাও পাওলো",
    "Puzzle.flag": "পতাকা:",
    "Puzzle.language": "ভাষা:",
    "Puzzle.languageChoose": "পছন্দ করুন...",
    "Puzzle.cities": "শহর:",
    "Puzzle.help": "সাহায্য",
    "Puzzle.checkAnswers": "উত্তর যাচাই করুন"
}