{
    "@metadata": {
        "authors": [
            "Fohanno",
            "Fulup",
            "Gwenn-Ael",
            "Y-M D"
        ]
    },
    "Apps.subtitle": "un endro programmiñ da welet",
    "Apps.blocklyMessage": "Blockly",
    "Apps.codeTooltip": "Gwelet ar c'hod JavaScript krouet.",
    "Apps.linkTooltip": "Enrollañ ha liammañ d'ar bloc'hadoù.",
    "Apps.runTooltip": "Lañsañ ar programm termenet gant ar bloc'hadoù en takad labour.",
    "Apps.runProgram": "Lañsañ ar programm",
    "Apps.resetProgram": "Adderaouekaat",
    "Apps.dialogOk": "Mat eo",
    "Apps.dialogCancel": "Nullañ",
    "Apps.catLogic": "Poell",
    "Apps.catLoops": "Boukloù",
    "Apps.catMath": "Matematik",
    "Apps.catText": "Testenn",
    "Apps.catLists": "Rolloù",
    "Apps.catColour": "Liv",
    "Apps.catVariables": "Argemmennoù",
    "Apps.catProcedures": "Argerzhadurioù",
    "Apps.httpRequestError": "Ur gudenn zo gant ar reked.",
    "Apps.linkAlert": "Rannañ ho ploc'hoù gant al liamm-mañ :\n\n%1",
    "Apps.hashError": "Digarezit. \"%1\" ne glot gant programm enrollet ebet.",
    "Apps.xmlError": "Ne c'haller ket kargañ ho restr enrollet. Marteze e oa bet krouet gant ur stumm disheñvel eus Blockly ?",
    "Apps.listVariable": "roll",
    "Apps.textVariable": "testenn",
    "Code.badXml": "Fazi dielfennañ XML :\n%1\n\nDibabit \"Mat eo\" evit dilezel ar c'hemmoù-se pe \"Nullañ\" evit kemmañ an XML c'hoazh.",
    "Code.badCode": "Fazi programm :\n%1",
    "Code.timeout": "Tizhet eo bet an niver brasañ a iteradurioù seveniñ aotreet.",
    "Code.discard": "Diverkañ an holl vloc'hoù %1 ?",
    "Code.title": "Kod",
    "Code.blocks": "Bloc'hoù",
    "Code.trashTooltip": "Disteurel an holl vloc'hoù.",
    "Graph.title": "Jederez c'hrafek",
    "Apps.indexTitle": "Arloadoù Blockly",
    "Apps.indexFooter": "Frank ha gant kod tarzh digor eo Blockly. Evit degas ho lod er c'hod hag e troidigezhioù Blockly, pe evit implijout Blockly en hoc'h arload, kit war %1.",
    "Apps.choiceIntro": "Un endro programmiñ grafek. Kavout a reot amañ dindan un nebeud skouerioù eus arloadoù a implij Blockly.",
    "Puzzle.title": "Miltamm",
    "Apps.puzzleSubtitle": "Deskiñ implijout etrefas Blockly.",
    "Maze.maze": "Milendall",
    "Apps.mazeSubtitle": "Implijout Blockly da ziskoulmañ ur milendall.",
    "Turtle.title": "Baot tresañ",
    "Apps.turtleSubtitle": "Implijout Blockly da dresañ.",
    "Apps.graphSubtitle": "Prientiñ arloadoù gant Blockly.",
    "Apps.codeSubtitle": "Ezporzhiañ ur programm Blockly e JavaScript, Python, Dart pe XML.",
    "Plane.plane": "Jederez azezenn nijerez",
    "Apps.planeSubtitle": "Diskoulmañ ur skoulmad matematikoù gant un argemmenn pe ziv.",
    "Apps.blockFactory": "Labouradeg bloc'hoù",
    "Apps.blockfactorySubtitle": "Sevel bloc'hoù personelaet oc'h implijout Blockly.",
    "Maze.moveForward": "mont war-raok",
    "Maze.turnLeft": "treiñ a-gleiz",
    "Maze.turnRight": "treiñ a-zehou",
    "Maze.doCode": "ober",
    "Maze.elseCode": "a-hend-all",
    "Maze.helpIfElse": "Seveniñ a raio ar bloc'hoù \"Ma/A-hend-all\" an eil tra pe egile.",
    "Maze.pathAhead": "Ma'z eus un hent dirak",
    "Maze.pathLeft": "Ma'z eus un hent a-gleiz",
    "Maze.pathRight": "Ma'z eus un hent a-zehoù",
    "Maze.repeatUntil": "adober betek",
    "Maze.moveForwardTooltip": "Lakait ar c'hoarier da vont war-raok eus un esaouenn.",
    "Maze.turnTooltip": "Lakait ar c'hoarier da dreiñ a-gleiz pe a-zehoù a 90 derez.",
    "Maze.ifTooltip": "Ma'z eus un hent war an tu spisaet, grit an oberoù-se neuze.",
    "Maze.ifelseTooltip": "Ma'z eus un hent war an tu spisaet, grit ar c'hentañ bloc'had oberoù. A-hend-all, grit an eil bloc'had oberoù.",
    "Maze.whileTooltip": "Adober ar bloc'hoù zo en diabarzh betek tizhout ar pal.",
    "Maze.capacity0": "Ne chom bloc'h ebet (%0) ganeoc'h.",
    "Maze.capacity1": "Chom a ra %1 bloc'h ganeoc'h.",
    "Maze.capacity2": "Chom a ra %2 bloc'h ganeoc'h.",
    "Maze.nextLevel": "Gourc'hemennoù ! Ha prest oc'h da vont d'al live %1 ?",
    "Maze.finalLevel": "Gourc'hemennoù ! Diskoulmet eo bet al live diwezhañ ganeoc'h.",
    "Maze.runTooltip": "Lakaat ar c'hoarier d'ober ar pezh a lavar ar bloc'hoù.",
    "Maze.resetTooltip": "Adlakaat an dudenn e deroù ar milendall.",
    "Maze.helpStack": "Berniañ asambles daou vloc'h kemennoù \"mont war-raok\" evit sikour ac'hanon da dizhout ar pal.",
    "Maze.helpOneTopBlock": "El live-se az peus ezhomm da verniañ bloc'hoù an eil war egile en un takad labour gwenn.",
    "Maze.helpRun": "Sevenit ho programm evit gwelet petra a c'hoarvez.",
    "Maze.helpReset": "N'eo ket bet diskoulmet ar milendall gant ho programm. Pouezit war \"Adderaouekaat\" ha klaskit en-dro.",
    "Maze.helpRepeat": "N'eus ket nemeur a vemor gant an urzhiataerioù. Implijit daou vloc'h hepken evit tizhout ar pal. Implijit ar bloc'h \"adober\" evit seveniñ ur bloc'h meur a wech.",
    "Maze.helpCapacity": "Implijet eo bet ganeoc'h holl vloc'hoù al live-mañ. Evit krouiñ ur bloc'h nevez e rankit dilemel ur bloc'h zo anezhañ da gentañ.",
    "Maze.helpRepeatMany": "Meur a vloc'h a c'haller lakaat en ur bloc'h 'adober'.",
    "Maze.helpSkins": "Dibabit ho c'hoarier karetañ el lañser.",
    "Maze.helpIf": "Ne raio ur bloc'h \"ma\" un dra bennak ken nemet ma'z eo gwir an amplegad. Klaskit treiñ a-gleiz ma'z eus un hent war an tu kleiz.",
    "Maze.helpMenu": "Klikit war %1 er bloc'h \"ma\" evit cheñch e amplegad.",
    "Maze.helpWallFollow": "Daoust ha gouest oc'h da ziskoulmañ ar milendall luziet-mañ ? Klaskit mont a-hed ar voger gleiz. Evit ar brogrammerien arroutet-mat hepken !",
    "Plane.rows": "Renkennadoù : %1",
    "Plane.getRows": "renkennadoù (%1)",
    "Plane.rows1": "Renkennadoù kentañ klas : %1",
    "Plane.getRows1": "Renkennadoù kentañ klas (%1)",
    "Plane.rows2": "Renkennadoù eil klas : %1",
    "Plane.getRows2": "Renkennadoù eil klas (%1)",
    "Plane.seats": "Azezennoù : %1",
    "Plane.placeholder": "?",
    "Plane.setSeats": "azezennoù =",
    "Plane.description1": "Un nijerez he deus un toullad renkennadoù azezennoù evit ar veajourien. Peder azezenn a zo e pep renkennad.",
    "Plane.description2": "En un nijerez ez eus div azezenn el logell leviañ(evit al loman hag an eil loman), hag ur toullad renkennadoù azezennoù evit an dremenidi. Peder azezenn zo e pep renkennad.",
    "Plane.description3": "En un nijerez ez eus div azezenn el logell leviañ(evit al loman hag an eil loman), hag un toullad renkennadoù azezennoù tremenidi kentañ hag eil klas. Peder azezenn zo e pep renkennad kentañ klas. Pemp azezenn zo e pemp renkennad eil klas.",
    "Plane.instructions": "Sevel ur formulenn (amañ dindan) evit jediñ an niver a azezennoù en holl en nijerez pa vez kemmet an niver a renkennadoù (amañ a-us).",
    "Puzzle.country1": "Aostralia",
    "Puzzle.country1Language": "Saozneg",
    "Puzzle.country1City1": "Melbourne",
    "Puzzle.country1City2": "Sydney",
    "Puzzle.country1HelpUrl": "https://br.wikipedia.org/wiki/Aostralia",
    "Puzzle.country2": "Alamagn",
    "Puzzle.country2Language": "Alamaneg",
    "Puzzle.country2City1": "Berlin",
    "Puzzle.country2City2": "München",
    "Puzzle.country2HelpUrl": "https://br.wikipedia.org/wiki/Alamagn",
    "Puzzle.country3": "Sina",
    "Puzzle.country3Language": "Sinaeg",
    "Puzzle.country3City1": "Beijing",
    "Puzzle.country3City2": "Shanghai",
    "Puzzle.country3HelpUrl": "https://br.wikipedia.org/wiki/Sina",
    "Puzzle.country4": "Brazil",
    "Puzzle.country4Language": "Portugaleg",
    "Puzzle.country4City1": "Rio de Janeiro",
    "Puzzle.country4City2": "São Paulo",
    "Puzzle.country4HelpUrl": "https://br.wikipedia.org/wiki/Brazil",
    "Puzzle.flag": "banniel :",
    "Puzzle.language": "yezh :",
    "Puzzle.languageChoose": "dibab...",
    "Puzzle.cities": "keodedoù :",
    "Puzzle.error0": "Dispar !\nReizh eo an/ar %1 bloc'h.",
    "Puzzle.error1": "Tost ! Chom a ra ur bloc'h direizh.",
    "Puzzle.error2": "%1 bloc'h direizh zo.",
    "Puzzle.tryAgain": "Direizh eo ar bloc'h usskedet.\nKendalc'hit da bleustriñ.",
    "Puzzle.help": "Skoazell",
    "Puzzle.checkAnswers": "Gwiriañ ar respontoù",
    "Puzzle.helpText": "Evit kement bro (e gwer), stagañ he banniel, dibab he yezh, ha berniañ he c'hêrioù.",
    "Turtle.moveTooltip": "Lakaat ar vaot da vont war-raok pe da vont war-gil hervez ar c'hementad merket.",
    "Turtle.moveForward": "Mont war-raok eus",
    "Turtle.moveBackward": "Mont war-gil eus",
    "Turtle.turnTooltip": "Lakaat ar vaot da dreiñ a-gleiz pe a-zehoù hervez an niver a zerezioù merket.",
    "Turtle.turnRight": "treiñ a-zehou da",
    "Turtle.turnLeft": "Treiñ a-gleiz da",
    "Turtle.widthTooltip": "Cheñch ledander ar stilo.",
    "Turtle.setWidth": "lakaat al ledander da",
    "Turtle.colourTooltip": "Cheñch liv ar stilo.",
    "Turtle.setColour": "lakaat al liv da",
    "Turtle.penTooltip": "Sevel pe diskenn ar stilo, evit paouez pe kregiñ da dresañ.",
    "Turtle.penUp": "sevel ar stilo",
    "Turtle.penDown": "lakaat ar stilo d'an traoñ",
    "Turtle.turtleVisibilityTooltip": "Lakaat a ra ar vaot (kelc'h ha biroù) war pe diwar wel.",
    "Turtle.hideTurtle": "kuzhat ar vaot",
    "Turtle.showTurtle": "diskouez ar vaot",
    "Turtle.printHelpUrl": "https://en.wikipedia.org/wiki/Printing",
    "Turtle.printTooltip": "Tresañ an destenn war-zu ar vaot el lec'h m'emañ.",
    "Turtle.print": "moullañ",
    "Turtle.fontHelpUrl": "https://en.wikipedia.org/wiki/Font",
    "Turtle.fontTooltip": "Termeniñ a ra ar font implijet gant ar bloc'h skrivañ.",
    "Turtle.font": "font",
    "Turtle.fontSize": "ment ar font",
    "Turtle.fontNormal": "reizh",
    "Turtle.fontBold": "tev",
    "Turtle.fontItalic": "italek",
    "Turtle.unloadWarning": "Mar kuitait ar bajenn-mañ e kollot ho labour.",
    "Turtle.runTooltip": "Lakaat ar vaot d'ober ar pezh a lavar ar bloc'hoù.",
    "Turtle.captureTooltip": "Enrollañ an dresadenn.",
    "Turtle.imgFilename": "tresadenn.png",
    "Turtle.catTurtle": "Baot"
}