{
    "@metadata": {
        "authors": [
            "Alvaro Vidal-Abarca",
            "Fitoschido"
        ]
    },
    "Apps.subtitle": "un entorn visual de programació",
    "Apps.blocklyMessage": "Blockly",
    "Apps.codeTooltip": "Vegeu el codi JavaScript generat.",
    "Apps.linkTooltip": "Desa i enllaça als blocs.",
    "Apps.runTooltip": "Executa el programa definit pels blocs de l'àrea de treball.",
    "Apps.runProgram": "Executa el programa",
    "Apps.resetProgram": "Reinicialitza",
    "Apps.dialogOk": "D'acord",
    "Apps.dialogCancel": "Cancel·la",
    "Apps.catLogic": "Lògica",
    "Apps.catLoops": "Bucles",
    "Apps.catMath": "Matemàtiques",
    "Apps.catText": "Text",
    "Apps.catLists": "Llistes",
    "Apps.catColour": "Color",
    "Apps.catVariables": "Variables",
    "Apps.catProcedures": "Procediments",
    "Apps.httpRequestError": "Hi ha hagut un problema amb la sol·licitud.",
    "Apps.linkAlert": "Comparteix els teus blocs amb aquest enllaç: %1",
    "Apps.hashError": "Ho sentim, '%1' no es correspon amb cap fitxer desat de Blockly.",
    "Apps.xmlError": "No s'ha pogut carregar el teu fitxer desat.  Potser va ser creat amb una versió diferent de Blockly?",
    "Apps.listVariable": "llista",
    "Apps.textVariable": "text",
    "Code.badXml": "Error d'anàlisi XML:\n%1\n\nSeleccioneu 'Acceptar' per abandonar els vostres canvis, o 'Cancel·lar' per continuar editant l'XML.",
    "Code.badCode": "Error de programa:\n %1",
    "Code.timeout": "S'ha superat el nombre màxim d'iteracions d'execució.",
    "Code.discard": "Esborrar els %1 blocs?",
    "Code.title": "Codi",
    "Code.blocks": "Blocs",
    "Code.trashTooltip": "Descarta tots els blocs.",
    "Graph.title": "Calculadora gràfica",
    "Apps.indexTitle": "Aplicacions Blockly",
    "Apps.indexFooter": "Blockly és gratis i de codi font lliure. Per contribuir amb codi o amb traduccions a Blockly, o per usar Blockly en la vostra app, visiteu %1.",
    "Apps.choiceIntro": "Blockly és un entorn de programació gràfic. A continuació trobareu algunes aplicacions que usen Blockly.",
    "Puzzle.title": "Trencaclosques",
    "Apps.puzzleSubtitle": "Apreneu a usar la interfície de Blockly.",
    "Maze.maze": "Laberint",
    "Apps.mazeSubtitle": "Useu Blockly per resoldre un laberint.",
    "Turtle.title": "Gràfiques tortuga",
    "Apps.turtleSubtitle": "Useu Blockly per dibuixar.",
    "Apps.graphSubtitle": "Funcions de dibuix amb Blockly.",
    "Apps.codeSubtitle": "Exporteu un programa Blockly a JavaScript, Python, Dart o XML.",
    "Plane.plane": "Calculadora de seients d'avió",
    "Apps.planeSubtitle": "Resoldre un problema matemàtic amb una o dues variables.",
    "Apps.blockFactory": "Fàbrica de blocs",
    "Apps.blockfactorySubtitle": "Construir blocs personalitzats usant Blockly.",
    "Maze.moveForward": "mou endavant",
    "Maze.turnLeft": "gira esquerra",
    "Maze.turnRight": "gira dreta",
    "Maze.doCode": "fes",
    "Maze.elseCode": "si no",
    "Maze.helpIfElse": "Les declaracions 'si-si no' faran fer una cosa o una altra.",
    "Maze.pathAhead": "al davant",
    "Maze.pathLeft": "si camí a l'esquerra",
    "Maze.pathRight": "si camí a la dreta",
    "Maze.repeatUntil": "repeteix fins al",
    "Maze.moveForwardTooltip": "Mou el Pegman endavant un espai.",
    "Maze.turnTooltip": "Gira el Pegman a l'esquerra o a la dreta 90 graus.",
    "Maze.ifTooltip": "Si hi ha un camí en la direcció especificada, llavors fes algunes accions.",
    "Maze.ifelseTooltip": "Si hi ha un camí en la direcció especificada, llavors fes el primer bloc d'accions. Si no, fes el segon bloc d'accions.",
    "Maze.whileTooltip": "Repeteix les accions de dins del bloc fins arribar al punt final.",
    "Maze.capacity0": "Et resten %0 blocs.",
    "Maze.capacity1": "Et resten %1 blocs.",
    "Maze.capacity2": "Et resten %2 blocs.",
    "Maze.nextLevel": "Felicitats! Estàs preparat per a procedir amb el nivell %1?",
    "Maze.finalLevel": "Felicitats! Has resolt el nivell final.",
    "Maze.runTooltip": "Fa que el jugador faci el que diuen els blocs.",
    "Maze.resetTooltip": "Col·loca el jugador a l'inici del laberint.",
    "Maze.helpStack": "Apila un parell de blocs 'mou endavant' junts per ajudar-me a arribar a la meta.",
    "Maze.helpOneTopBlock": "En aquest nivell, has d'apilar junts tots els blocs a l'espai de treball blanc.",
    "Maze.helpRun": "Executeu el vostre programa per veure què passa.",
    "Maze.helpReset": "El vostre programa no ha resolt el laberint. Cliqueu 'Reinicialitza' i torneu a intentar-ho.",
    "Maze.helpRepeat": "Els ordinadors tenen una memòria limitada. Arriba al final d'aquest camí utilitzant només dos blocs. Utilitza 'repeteix' per a executar un bloc més d'una vegada.",
    "Maze.helpCapacity": "Heu usat tots els blocs per aquest nivell. Per crear un nou bloc, primer heu d'esborrar un bloc existent.",
    "Maze.helpRepeatMany": "Podeu encabit més d'un bloc dins d'un bloc 'repeteix'.",
    "Maze.helpSkins": "Escolliu el vostre jugador favorit en aquest menú.",
    "Maze.helpIf": "Una condició 'si' farà fer alguna cosa només si la condició és certa. Prova de girar a l'esquerra si hi ha un camí a l'esquerra.",
    "Maze.helpMenu": "Feu clic a %1 en el bloc 'si' per canviar-ne la condició.",
    "Maze.helpWallFollow": "Pots resoldre aquest complicat laberint? Prova de seguir la paret de l'esquerra. Només programadors avançats!",
    "Plane.rows": "Files: %1",
    "Plane.getRows": "files (%1)",
    "Plane.rows1": "files de primera classe: %1",
    "Plane.getRows1": "files de primera classe (%1)",
    "Plane.rows2": "files de segona classe: %1",
    "Plane.getRows2": "files de segona classe (%1)",
    "Plane.seats": "Seients: %1",
    "Plane.placeholder": "?",
    "Plane.setSeats": "seients =",
    "Plane.description1": "Un avió té un nombre de files de seients de passatgers.  Cada fila conté quatre seients.",
    "Plane.description2": "Un avió té dos seients en la cabina de vol (pel pilot i pel copilot) i un nombre de files de seients de passatgers. Cada fila conté quatre seients.",
    "Plane.description3": "Un avió té dos seients en la cabina de vol (pel pilot i copilot) i un nombre de files per seients de passatgers de primera classe i de segona classe. Cada fila de primera classe conté quatre seients. Cada fila de segona classe conté cinc seients.",
    "Plane.instructions": "Construïu una fórmula (a sota) que calculi el nombre total de seients de l'avió a mida que canviïn les files (a dalt).",
    "Puzzle.country1": "Austràlia",
    "Puzzle.country1Language": "Anglès",
    "Puzzle.country1City1": "Melbourne",
    "Puzzle.country1City2": "Sydney",
    "Puzzle.country1HelpUrl": "https://en.wikipedia.org/wiki/Australia",
    "Puzzle.country2": "Alemanya",
    "Puzzle.country2Language": "Alemany",
    "Puzzle.country2City1": "Berlín",
    "Puzzle.country2City2": "Munic",
    "Puzzle.country2HelpUrl": "https://ca.wikipedia.org/wiki/Alemanya",
    "Puzzle.country3": "Xina",
    "Puzzle.country3Language": "Xinès",
    "Puzzle.country3City1": "Pequín",
    "Puzzle.country3City2": "Xangai",
    "Puzzle.country3HelpUrl": "https://ca.wikipedia.org/wiki/Xina",
    "Puzzle.country4": "Brasil",
    "Puzzle.country4Language": "Portuguès",
    "Puzzle.country4City1": "Rio de Janeiro",
    "Puzzle.country4City2": "São Paulo",
    "Puzzle.country4HelpUrl": "https://ca.wikipedia.org/wiki/Brasil",
    "Puzzle.flag": "Bandera:",
    "Puzzle.language": "Llengua:",
    "Puzzle.languageChoose": "triar...",
    "Puzzle.cities": "Ciutats:",
    "Puzzle.error0": "Perfecte!\nTots els blocs de %1 són correctes.",
    "Puzzle.error1": "Gairebé! Una bloc és incorrecte.",
    "Puzzle.error2": "%1 blocs són errònies.",
    "Puzzle.tryAgain": "El bloc de subratllat no és correcta.\nContinuï provant.",
    "Puzzle.help": "Ajuda",
    "Puzzle.checkAnswers": "Comprovar les respostes",
    "Puzzle.helpText": "Per a cada país (verd), adjuntar la seva bandera, escollir la seva llengua i fer una pila de les seves ciutats.",
    "Turtle.moveTooltip": "Mou la tortuga endavant o enrere segons la quantitat especificada.",
    "Turtle.moveForward": "moure endavant",
    "Turtle.moveBackward": "moure enrere",
    "Turtle.turnTooltip": "Gira la tortuga cap a l'esquerra o cap a la dreta el nombre especificat de graus.",
    "Turtle.turnRight": "gira cap a la dreta",
    "Turtle.turnLeft": "gira cap a l'esquerra",
    "Turtle.widthTooltip": "Canvia el gruix de la ploma.",
    "Turtle.setWidth": "canvia el gruix a",
    "Turtle.colourTooltip": "Canvia el color de la ploma.",
    "Turtle.setColour": "canvia el color a",
    "Turtle.penTooltip": "Aixeca o abaixa la ploma, per acabar o començar a dibuixar.",
    "Turtle.penUp": "ploma amunt",
    "Turtle.penDown": "ploma avall",
    "Turtle.turtleVisibilityTooltip": "Fa que la tortuga (cercle i fletxa) sigui visible o invisible.",
    "Turtle.hideTurtle": "amaga tortuga",
    "Turtle.showTurtle": "mostra tortuga",
    "Turtle.printHelpUrl": "https://ca.wikipedia.org/wiki/Impressió",
    "Turtle.printTooltip": "Dibuixa text en la direcció de la tortuga a partir de la seva posició.",
    "Turtle.print": "imprimir",
    "Turtle.fontHelpUrl": "https://ca.wikipedia.org/wiki/Font_(tipografia)",
    "Turtle.fontTooltip": "Canvia la font usada pel bloc d'impressió.",
    "Turtle.font": "font",
    "Turtle.fontSize": "mida de lletra",
    "Turtle.fontNormal": "normal",
    "Turtle.fontBold": "negreta",
    "Turtle.fontItalic": "cursiva",
    "Turtle.unloadWarning": "Si abandona aquesta pàgina, perdrà tota la feina.",
    "Turtle.runTooltip": "Fa que la tortuga faci el que diuen els blocs.",
    "Turtle.captureTooltip": "Desa el dibuix.",
    "Turtle.imgFilename": "dibuix.png",
    "Turtle.catTurtle": "Tortuga"
}