{
    "@metadata": [],
    "Apps.dialogOk": "確定",
    "Puzzle.title": "謎",
    "Puzzle.country1": "澳大利亞",
    "Puzzle.country1Language": "英語",
    "Puzzle.country1City1": "墨爾本",
    "Puzzle.country1City2": "悉尼",
    "Puzzle.country1HelpUrl": "https://en.wikipedia.org/wiki/Australia",
    "Puzzle.country2": "德國",
    "Puzzle.country2Language": "德語",
    "Puzzle.country2City1": "柏林",
    "Puzzle.country2City2": "慕尼黑",
    "Puzzle.country2HelpUrl": "https://en.wikipedia.org/wiki/Germany",
    "Puzzle.country3": "中國",
    "Puzzle.country3Language": "中文",
    "Puzzle.country3City1": "北京",
    "Puzzle.country3City2": "上海",
    "Puzzle.country3HelpUrl": "https://en.wikipedia.org/wiki/China",
    "Puzzle.country4": "巴西",
    "Puzzle.country4Language": "葡萄牙語",
    "Puzzle.country4City1": "裡約熱內盧",
    "Puzzle.country4City2": "聖保羅",
    "Puzzle.country4HelpUrl": "https://en.wikipedia.org/wiki/Brazil",
    "Puzzle.flag": "國旗：",
    "Puzzle.language": "語言：",
    "Puzzle.languageChoose": "選擇…",
    "Puzzle.cities": "城市：",
    "Puzzle.error0": "雅好！\n所有%1其鎖定都正確去了。",
    "Puzzle.error1": "基本完成！蜀萆鎖定𣍐正確。",
    "Puzzle.error2": "%1其鎖定𣍐正確。",
    "Puzzle.tryAgain": "強調其鎖定𣍐正確。\n保持試蜀試。",
    "Puzzle.help": "幫助",
    "Puzzle.checkAnswers": "檢查答案",
    "Puzzle.helpText": "每蜀萆國家，連接伊其國旗，選擇伊其語言，再製造伊其城市其堆。"
}