{
    "@metadata": {
        "authors": [
            "Gorizon",
            "Marmase"
        ]
    },
    "Apps.blocklyMessage": "Blockly",
    "Apps.runProgram": "Programi Akar fi",
    "Apps.resetProgram": "Reset kerê",
    "Apps.dialogOk": "TEMAM",
    "Apps.dialogCancel": "Bıterkne",
    "Apps.catLogic": "Mantığ",
    "Apps.catLoops": "Dingeki",
    "Apps.catMath": "Matematik",
    "Apps.catText": "Metin",
    "Apps.catLists": "Listey",
    "Apps.catColour": "Reng",
    "Apps.catVariables": "Vırneyeni",
    "Apps.catProcedures": "Proseduri",
    "Apps.httpRequestError": "waştışi deyne zew problem esto",
    "Apps.linkAlert": "Blokan na linkera bıhesrne\n\n%1",
    "Apps.listVariable": "liste",
    "Apps.textVariable": "nuşte",
    "Code.title": "Kod",
    "Code.blocks": "Bloki",
    "Code.trashTooltip": "Blokan hemın çek",
    "Graph.title": "Hesab makineya Grafikan",
    "Puzzle.title": "Puzzle",
    "Maze.maze": "Labirent",
    "Turtle.title": "Grafike kesan",
    "Plane.plane": "Teyera",
    "Maze.moveForward": "Ver şo",
    "Maze.turnLeft": "Şo çep",
    "Maze.turnRight": "Şo raşt",
    "Maze.doCode": "bık",
    "Maze.elseCode": "çıniyose",
    "Plane.placeholder": "?",
    "Plane.setSeats": "iskemey =",
    "Puzzle.country1": "Awıstralya",
    "Puzzle.country1Language": "Ingiliz",
    "Puzzle.country1City1": "Melbourne",
    "Puzzle.country1City2": "Sidney",
    "Puzzle.country1HelpUrl": "https://en.wikipedia.org/wiki/Australia",
    "Puzzle.country2": "Almanya",
    "Puzzle.country2Language": "Alman",
    "Puzzle.country2City1": "Berlin",
    "Puzzle.country2City2": "Munix",
    "Puzzle.country2HelpUrl": "https://en.wikipedia.org/wiki/Germany",
    "Puzzle.country3": "Çin",
    "Puzzle.country3Language": "Çinki",
    "Puzzle.country3City1": "Pekin",
    "Puzzle.country3City2": "Şangay",
    "Puzzle.country3HelpUrl": "https://en.wikipedia.org/wiki/China",
    "Puzzle.country4": "Brezilya",
    "Puzzle.country4Language": "Portekız",
    "Puzzle.country4City1": "Rio de Ceneryo",
    "Puzzle.country4City2": "Sao Paulo",
    "Puzzle.country4HelpUrl": "https://en.wikipedia.org/wiki/Brazil",
    "Puzzle.flag": "desmal",
    "Puzzle.language": "Zıwan:",
    "Puzzle.languageChoose": "weçine...",
    "Puzzle.cities": "suki:",
    "Puzzle.help": "Peşti",
    "Puzzle.checkAnswers": "Netican kontrol ke",
    "Turtle.hideTurtle": "keser bınımn",
    "Turtle.showTurtle": "keser bıvin",
    "Turtle.printHelpUrl": "https://en.wikipedia.org/wiki/Printing",
    "Turtle.print": "çab ke",
    "Turtle.fontHelpUrl": "https://en.wikipedia.org/wiki/Font",
    "Turtle.font": "font",
    "Turtle.fontSize": "çapa fonti",
    "Turtle.fontNormal": "normal",
    "Turtle.fontBold": "qalın",
    "Turtle.fontItalic": "İtalik",
    "Turtle.captureTooltip": "ğizi qeyd ke",
    "Turtle.imgFilename": "drawing.png",
    "Turtle.catTurtle": "Kesey"
}