{
    "@metadata": {
        "authors": [
            "Azountas",
            "Evropi",
            "Namatreasure",
            "Sfyrakis",
            "Tifa93"
        ]
    },
    "Apps.subtitle": "γραφικό περιβάλλον προγραμματισμού",
    "Apps.blocklyMessage": "Blockly (Μπλόκλι)",
    "Apps.codeTooltip": "Δες τον κώδικα JavaScript που δημιουργήθηκε.",
    "Apps.linkTooltip": "Αποθηκεύει και συνδέει σε μπλοκ.",
    "Apps.runTooltip": "Εκτελεί το πρόγραμμα που ορίζεται από τα μπλοκ στον χώρο εργασίας.",
    "Apps.runProgram": "Εκτέλεση Προγράμματος",
    "Apps.resetProgram": "Επανεκκίνηση",
    "Apps.dialogOk": "Εντάξει",
    "Apps.dialogCancel": "Ακύρωση",
    "Apps.catLogic": "Λογική",
    "Apps.catLoops": "Επαναλήψεις",
    "Apps.catMath": "Μαθηματικά",
    "Apps.catText": "Κείμενο",
    "Apps.catLists": "Λίστες",
    "Apps.catColour": "Χρώμα",
    "Apps.catVariables": "Μεταβλητές",
    "Apps.catProcedures": "Διαδικασίες",
    "Apps.httpRequestError": "Υπήρξε πρόβλημα με το αίτημα.",
    "Apps.linkAlert": "Μοιράσου τα μπλοκ σου με αυτόν τον σύνδεσμο:\n\n%1",
    "Apps.hashError": "Λυπάμαι, το «%1» δεν αντιστοιχεί σε κανένα αποθηκευμένο πρόγραμμα.",
    "Apps.xmlError": "Δεν μπορώ να φορτώσω το αποθηκευμένο αρχείο σου.  Μήπως δημιουργήθηκε από μία παλιότερη έκδοση του Μπλόκλι;",
    "Apps.listVariable": "λίστα",
    "Apps.textVariable": "κείμενο",
    "Code.badXml": "Σφάλμα ανάλυσης XML:\n%1\n\nΕπίλεξε «ΟΚ» για να εγκαταλείψεις τις αλλαγές σου ή «Ακύρωση» για να επεξεργαστείς το XML κι άλλο.",
    "Code.badCode": "Σφάλμα προγράμματος:\n%1",
    "Code.timeout": "Υπέρβαση μέγιστου αριθμού επαναλήψεων.",
    "Code.discard": "Να διαγραφούν και τα %1 μπλοκ?",
    "Code.title": "Κώδικας",
    "Code.blocks": "Μπλοκ",
    "Code.trashTooltip": "Απόρριψη όλων των μπλοκ.",
    "Graph.title": "Αριθμομηχανή Γραφικών Παραστάσεων",
    "Apps.indexTitle": "Εφαρμογές Μπλόκλι",
    "Apps.indexFooter": "To Μπλόκλι είναι ανοικτού κώδικα και δωρεάν. Για να συνεισφέρετε σε κώδικα ή μεταφράσεις στο Μπλόκλι, ή για να χρησιμοποιήσετε το Μπλόκλι στη δική σας εφαρμογή, επισκεφτείτε το %1.",
    "Apps.choiceIntro": "Το Μπλόκλι είναι ένα γραφικό περιβάλλον προγραμματισμού. Παρακάτω είναι μερικά δείγματα εφαρμογών που χρησιμοποιούν το Μπλόκλι.",
    "Puzzle.title": "Παζλ",
    "Apps.puzzleSubtitle": "Μάθε πως να χρησιμοποιήσεις το περιβάλλον του Μπλόκλι.",
    "Maze.maze": "Λαβύρινθος",
    "Apps.mazeSubtitle": "Χρησιμοποίησε το Blockly για να λύσεις έναν λαβύρινθο.",
    "Turtle.title": "Γραφικά Με Τη Χελώνα",
    "Apps.turtleSubtitle": "Χρησιμοποίησε το Μπλόκλι για σχεδίαση.",
    "Apps.graphSubtitle": "Σχεδίασε μαθηματικές παραστάσεις με το Μπλόκλι.",
    "Apps.codeSubtitle": "Για να εξάγεις πρόγραμμα γραμμένο σε Μπλόκλι στις γλώσσες JavaScript, Python, Dart ή XML.",
    "Plane.plane": "Υπολογισμός Θέσεων Σε Αεροπλάνο",
    "Apps.planeSubtitle": "Λύσε μαθηματικό πρόβλημα με έναν ή δυο μεταβλητές.",
    "Apps.blockFactory": "Κατασκευή Μπλόκ",
    "Apps.blockfactorySubtitle": "Δημιούργησε προσαρμοσμένα μπλοκ με το Μπλόκλι.",
    "Maze.moveForward": "προχώρησε ευθεία",
    "Maze.turnLeft": "στρίψε αριστερά",
    "Maze.turnRight": "στρίψε δεξιά",
    "Maze.doCode": "κάνε",
    "Maze.elseCode": "αλλιώς",
    "Maze.helpIfElse": "Τα μπλοκ «εάν...αλλιώς» θα κάνουν είτε το ένα είτε το άλλο.",
    "Maze.pathAhead": "εάν υπάρχει μονοπάτι μπροστά",
    "Maze.pathLeft": "εάν υπάρχει μονοπάτι προς τα αριστερά",
    "Maze.pathRight": "εάν υπάρχει μονοπάτι προς τα δεξιά",
    "Maze.repeatUntil": "επανάλαβε μέχρι",
    "Maze.moveForwardTooltip": "Κινεί τον χαρακτήρα μία θέση μπροστά.",
    "Maze.turnTooltip": "Στρίβει το ανθρωπάκι αριστερά ή δεξιά κατά 90 μοίρες.",
    "Maze.ifTooltip": "Αν υπάρχει μονοπάτι προς τη συγκεκριμένη κατεύθυνση, τότε εκτελεί κάποιες ενέργειες.",
    "Maze.ifelseTooltip": "Αν υπάρχει μονοπάτι προς τη συγκεκριμένη κατεύθυνση, τότε εκτελεί το πρώτο μπλοκ των δράσεων. Διαφορετικά, εκτελεί το δεύτερο μπλοκ των δράσεων.",
    "Maze.whileTooltip": "Επαναλαμβάνει τις περικλειόμενες ενέργειες μέχρι να φθάσει στο τέρμα.",
    "Maze.capacity0": "Σου απομένουν %0 μπλοκ.",
    "Maze.capacity1": "Σου απομένουν %1 μπλοκ.",
    "Maze.capacity2": "Σου απομένουν %2 μπλοκ.",
    "Maze.nextLevel": "Συγχαρητήρια! Θα προχωρήσεις στο επίπεδο %1;",
    "Maze.finalLevel": "Συγχαρητήρια! Έλυσες το τελευταίο επίπεδο.",
    "Maze.runTooltip": "Κάνει τον χαρακτήρα να κάνει αυτό που λένε τα μπλοκ.",
    "Maze.resetTooltip": "Βάζει το ανθρωπάκι πίσω στην αρχή του λαβυρίνθου.",
    "Maze.helpStack": "Στοίβαξε δύο μπλοκ «προχώρησε» για να φτάσω στο τέρμα.",
    "Maze.helpOneTopBlock": "Σε αυτό το επίπεδο, πρέπει να στοιβάξεις όλα τα μπλοκ στον λευκό χώρο εργασίας.",
    "Maze.helpRun": "Εκτέλεσε το πρόγραμμά σου και δες τι συμβαίνει.",
    "Maze.helpReset": "Το πρόγραμμα σου δεν έλυσε τον λαβύρινθο. Πάτησε «Επαναφορά» και δοκίμασε άλλη μια φορά.",
    "Maze.helpRepeat": "Προσπάθησε να φτάσεις στο τέλος του μονοπατιού χρησιμοποιώντας μόνο δύο μπλοκ. Χρησιμοποίησε το μπλοκ «επανάλαβε» για να εκτελέσεις το μπλοκ που θέλεις περισσότερες φορές.",
    "Maze.helpCapacity": "Έχουν εξαντληθεί όλα τα μπλοκ για αυτό το επίπεδο.  Για να δημιουργήσεις ένα νέο μπλοκ, θα πρέπει πρώτα να διαγράψεις ένα υπάρχον μπλοκ.",
    "Maze.helpRepeatMany": "Μπορείς να στριμώξεις περισσότερο από ένα μπλοκ μέσα σε μπλοκ «επανάληψη».",
    "Maze.helpSkins": "Επίλεξε τον αγαπημένο σου χαρακτήρα από αυτό το μενού.",
    "Maze.helpIf": "Μια συνθήκη «εάν» θα εκτελέσει κάτι μόνο αν είναι αληθής. Προσπάθησε να στρίψεις αριστερά, εάν υπάρχει μονοπάτι προς τα αριστερά.",
    "Maze.helpMenu": "Κάνε κλικ στο %1 μέσα στο μπλοκ «εάν» για να αλλάξεις την κατάστασή του.",
    "Maze.helpWallFollow": "Μπορείς να επιλύσεις αυτόν τον περίπλοκο λαβύρινθο; Προσπάθησε να ακολουθήσεις τον αριστερό τοίχο. Μόνο για προχωρημένους προγραμματιστές!",
    "Plane.rows": "Σειρές: %1",
    "Plane.getRows": "σειρές (%1)",
    "Plane.rows1": "Σειρές 1ης θέσης: %1",
    "Plane.getRows1": "σειρές 1ης θέσης (%1)",
    "Plane.rows2": "Σειρές 2ης θέσης: %1",
    "Plane.getRows2": "σειρές 2ης θέσης (%1)",
    "Plane.seats": "Καθίσματα: %1",
    "Plane.placeholder": ";",
    "Plane.setSeats": "καθίσματα =",
    "Plane.description1": "Ένα αεροπλάνο έχει έναν συγκεκριμένο αριθμό σειρών καθισμάτων επιβατών. Κάθε σειρά έχει τέσσερα καθίσματα.",
    "Plane.description2": "Ένα αεροπλάνο έχει δύο καθίσματα στον θάλαμο διακυβέρνησης (για τον κυβερνήτη και τον συγκυβερνήτη), καθώς και έναν αριθμό από σειρές καθισμάτων επιβατών.  Κάθε σειρά έχει τέσσερα καθίσματα.",
    "Plane.description3": "Ένα αεροπλάνο έχει δύο καθίσματα στον θάλαμο διακυβέρνησης (για τον κυβερνήτη και τον συγκυβερνήτη), καθώς και έναν αριθμό σειρών καθισμάτων για την 1η και 2η θέση. Κάθε σειρά της 1ης θέσης έχει τέσσερα καθίσματα και κάθε σειρά της 2ης θέσης έχει πέντε καθίσματα.",
    "Plane.instructions": "Φτιάξε έναν τύπο (κάτω) που θα υπολογίζει τον συνολικό αριθμό καθισμάτων του αεροπλάνου καθώς αλλάζουν οι σειρές (πάνω).",
    "Puzzle.country1": "Αυστραλία",
    "Puzzle.country1Language": "Αγγλικά",
    "Puzzle.country1City1": "Μελβούρνη",
    "Puzzle.country1City2": "Σίδνεϊ",
    "Puzzle.country1HelpUrl": "https://el.wikipedia.org/wiki/Αυστραλία",
    "Puzzle.country2": "Γερμανία",
    "Puzzle.country2Language": "Γερμανικά",
    "Puzzle.country2City1": "Βερολίνο",
    "Puzzle.country2City2": "Μόναχο",
    "Puzzle.country2HelpUrl": "https://el.wikipedia.org/wiki/Γερμανία",
    "Puzzle.country3": "Κίνα",
    "Puzzle.country3Language": "Κινεζικά",
    "Puzzle.country3City1": "Πεκίνο",
    "Puzzle.country3City2": "Σαγκάη",
    "Puzzle.country3HelpUrl": "https://el.wikipedia.org/wiki/Κίνα",
    "Puzzle.country4": "Βραζιλία",
    "Puzzle.country4Language": "Πορτογαλικά",
    "Puzzle.country4City1": "Ρίο ντε Τζανέιρο",
    "Puzzle.country4City2": "Σάο Πάολο",
    "Puzzle.country4HelpUrl": "https://el.wikipedia.org/wiki/Βραζιλία",
    "Puzzle.flag": "σημαία:",
    "Puzzle.language": "γλώσσα:",
    "Puzzle.languageChoose": "διάλεξε...",
    "Puzzle.cities": "πόλεις:",
    "Puzzle.error0": "Τέλεια!\nΚαι τα %1 μπλοκ είναι σωστά.",
    "Puzzle.error1": "Σχεδόν! Ένα μπλοκ είναι λάθος.",
    "Puzzle.error2": "%1 μπλοκ είναι λάθος.",
    "Puzzle.tryAgain": "Το επισημασμένο μπλοκ δεν είναι σωστό.\nΣυνέχισε την προσπάθεια.",
    "Puzzle.help": "Βοήθεια",
    "Puzzle.checkAnswers": "Έλεγξε τις απαντήσεις",
    "Puzzle.helpText": "Για κάθε χώρα (πράσινα μπλοκ), σύνδεσε τη σημαία της, τη γλώσσα της και κάνε μια στοίβα με τις πόλεις της.",
    "Turtle.moveTooltip": "Μετακινεί τη χελώνα προς τα εμπρός ή προς τα πίσω κατά το ορισμένο ποσό.",
    "Turtle.moveForward": "κινήσου μπροστά κατά",
    "Turtle.moveBackward": "κινήσου προς τα πίσω κατά",
    "Turtle.turnTooltip": "Γυρίζει τη χελώνα αριστερά ή δεξιά κατά τον καθορισμένο αριθμό των μοιρών.",
    "Turtle.turnRight": "στρίψε δεξιά κατά",
    "Turtle.turnLeft": "στρίψε αριστερά κατά",
    "Turtle.widthTooltip": "Αλλάζει το φάρδος του στιλό.",
    "Turtle.setWidth": "όρισε το πλάτος ίσο προς",
    "Turtle.colourTooltip": "Αλλάζει το χρώμα του στιλό.",
    "Turtle.setColour": "κάνε το χρώμα",
    "Turtle.penTooltip": "Ανεβάζει ή πατάει το στιλό για να σταματήσει ή να ξεκινήσει να σχεδιάζει.",
    "Turtle.penUp": "στιλό πάνω",
    "Turtle.penDown": "στιλό κάτω",
    "Turtle.turtleVisibilityTooltip": "Κάνει τη χελώνα (πράσινος κύκλος και βέλος) ορατή ή αόρατη.",
    "Turtle.hideTurtle": "κρύψε τη χελώνα",
    "Turtle.showTurtle": "εμφάνισε τη χελώνα",
    "Turtle.printHelpUrl": "https://el.wikipedia.org/wiki/Τυπογραφία",
    "Turtle.printTooltip": "Γράφει το κείμενο στην κατεύθυνση της χελώνας ξεκινώντας από την τωρινή θέση της.",
    "Turtle.print": "εκτύπωση",
    "Turtle.fontHelpUrl": "https://el.wikipedia.org/wiki/Γραμματοσειρά",
    "Turtle.fontTooltip": "Καθορίζει τη γραμματοσειρά που χρησιμοποιείται από το μπλοκ της εκτύπωσης.",
    "Turtle.font": "γραμματοσειρά",
    "Turtle.fontSize": "μέγεθος γραμματοσειράς",
    "Turtle.fontNormal": "κανονική",
    "Turtle.fontBold": "έντονη",
    "Turtle.fontItalic": "πλάγια",
    "Turtle.unloadWarning": "Αν φύγεις από αυτήν τη σελίδα, όλη η δουλειά που έχεις κάνει θα χαθεί.",
    "Turtle.runTooltip": "Κάνει τη χελώνα να κάνει αυτό που λένε τα μπλοκ.",
    "Turtle.captureTooltip": "Αποθήκευσε το σχέδιο.",
    "Turtle.imgFilename": "σχέδιο.png",
    "Turtle.catTurtle": "Χελώνα"
}