{
    "@metadata": {
        "authors": [
            "Samoasambia",
            "Silvonen"
        ]
    },
    "Apps.subtitle": "visuaalinen ohjelmointiympäristö",
    "Apps.blocklyMessage": "Blockly",
    "Apps.codeTooltip": "Katso luotua JavaScript-koodia.",
    "Apps.runProgram": "Suorita ohjelma",
    "Apps.resetProgram": "Nollaa",
    "Apps.dialogOk": "OK",
    "Apps.dialogCancel": "Peruuta",
    "Apps.catLogic": "Kirjaudu",
    "Apps.catText": "Teksti",
    "Apps.catColour": "Väri",
    "Apps.catVariables": "Muuttujat",
    "Apps.textVariable": "teksti",
    "Code.title": "Koodi",
    "Puzzle.title": "Palapeli",
    "Maze.helpRun": "Suorita ohjelmasi nähdäksesi, mitä tapahtuu.",
    "Maze.helpReset": "Ohjelmasi ei ratkaise sokkeloa. Paina \"Nollaa\" ja yritä uudelleen.",
    "Puzzle.country1": "Australia",
    "Puzzle.country1Language": "englanti",
    "Puzzle.country1City1": "Melbourne",
    "Puzzle.country1City2": "Sydney",
    "Puzzle.country1HelpUrl": "https://fi.wikipedia.org/wiki/Australia",
    "Puzzle.country2": "Saksa",
    "Puzzle.country2Language": "saksa",
    "Puzzle.country2City1": "Berliini",
    "Puzzle.country2City2": "München",
    "Puzzle.country2HelpUrl": "https://fi.wikipedia.org/wiki/Saksa",
    "Puzzle.country3": "Kiina",
    "Puzzle.country3Language": "kiina",
    "Puzzle.country3City1": "Beijing",
    "Puzzle.country3City2": "Shanghai",
    "Puzzle.country3HelpUrl": "https://fi.wikipedia.org/wiki/Kiina",
    "Puzzle.country4": "Brasilia",
    "Puzzle.country4Language": "portugali",
    "Puzzle.country4City1": "Rio de Janeiro",
    "Puzzle.country4City2": "São Paulo",
    "Puzzle.country4HelpUrl": "https://fi.wikipedia.org/wiki/Brasilia",
    "Puzzle.flag": "lippu:",
    "Puzzle.language": "kieli:",
    "Puzzle.languageChoose": "valitse...",
    "Puzzle.cities": "kaupungit:",
    "Puzzle.error0": "Hienoa!\nKaikki %1 lohkoa ovat oikein.",
    "Puzzle.error1": "Lähes oikein! Vain yksi lohko on väärin.",
    "Puzzle.error2": "%1 lohkoa ovat virheellisiä.",
    "Puzzle.tryAgain": "Korostettu lohko ei ole oikein.\nYritä uudelleen.",
    "Puzzle.help": "Ohje",
    "Puzzle.checkAnswers": "Tarkista vastaukset",
    "Puzzle.helpText": "Kullekin maalle (vihreä), liitä oikea lippu, valitse kieli ja tee pino kaupungeista.",
    "Turtle.fontNormal": "normaali",
    "Turtle.fontBold": "lihavoitu",
    "Turtle.fontItalic": "kursivoitu"
}