{
    "@metadata": [],
    "Apps.dialogOk": "OK",
    "Puzzle.title": "Putlispæl",
    "Puzzle.country1": "Avstralia",
    "Puzzle.country1Language": "Enskt",
    "Puzzle.country1City1": "Melbourne",
    "Puzzle.country1City2": "Sydney",
    "Puzzle.country1HelpUrl": "https://fo.wikipedia.org/wiki/Avstralia",
    "Puzzle.country2": "Týskland",
    "Puzzle.country2Language": "Týskt",
    "Puzzle.country2City1": "Berlin",
    "Puzzle.country2City2": "München",
    "Puzzle.country2HelpUrl": "https://fo.wikipedia.org/wiki/Týskland",
    "Puzzle.country3": "Kina",
    "Puzzle.country3Language": "Kinesiskt",
    "Puzzle.country3City1": "Beijing",
    "Puzzle.country3City2": "Shanghai",
    "Puzzle.country3HelpUrl": "https://fo.wikipedia.org/wiki/Kina",
    "Puzzle.country4": "Brasil",
    "Puzzle.country4Language": "Portugisiskt",
    "Puzzle.country4City1": "Rio de Janeiro",
    "Puzzle.country4City2": "São Paulo",
    "Puzzle.country4HelpUrl": "https://fo.wikipedia.org/wiki/Brasil",
    "Puzzle.flag": "flagg:",
    "Puzzle.language": "mál:",
    "Puzzle.languageChoose": "vel...",
    "Puzzle.cities": "býir:",
    "Puzzle.error0": "Einastandandi!\nAllir %1 blokkar eru rættir.",
    "Puzzle.error1": "Næstan! Ein blokkur er ikki rættur.",
    "Puzzle.error2": "%1 blokkar eru ikki rættir.",
    "Puzzle.tryAgain": "Tann upplýsti blokkurin er ikki rættur.\nRoyn aftur.",
    "Puzzle.help": "Hjálp",
    "Puzzle.checkAnswers": "Hygg eftir svarunum",
    "Puzzle.helpText": "Fyri hvørt land (grønt), skal tú seta tað flaggið ið hoyrir til, vel mál hjá landinum, og bólka býirnir til tað land, ið teir hoyra til."
}