{
    "@metadata": [],
    "Apps.dialogOk": "OK",
    "Puzzle.title": "Puzzle",
    "Puzzle.country1": "Austraalien",
    "Puzzle.country1Language": "Ingelsk",
    "Puzzle.country1City1": "Melbourne",
    "Puzzle.country1City2": "Sydney",
    "Puzzle.country1HelpUrl": "https://frr.wikipedia.org/wiki/Austraalien",
    "Puzzle.country2": "Sjiisklun",
    "Puzzle.country2Language": "Sjiisk",
    "Puzzle.country2City1": "Berlin",
    "Puzzle.country2City2": "München",
    "Puzzle.country2HelpUrl": "https://frr.wikipedia.org/wiki/Sjiisklun",
    "Puzzle.country3": "Sjiina",
    "Puzzle.country3Language": "Sjineesk",
    "Puzzle.country3City1": "Peking",
    "Puzzle.country3City2": "Schanghai",
    "Puzzle.country3HelpUrl": "https://frr.wikipedia.org/wiki/Sjiina",
    "Puzzle.country4": "Brasiilien",
    "Puzzle.country4Language": "Portugiisk",
    "Puzzle.country4City1": "Rio de Janeiro",
    "Puzzle.country4City2": "São Paulo",
    "Puzzle.country4HelpUrl": "https://frr.wikipedia.org/wiki/Brasiilien",
    "Puzzle.flag": "Flag",
    "Puzzle.language": "Spriak:",
    "Puzzle.languageChoose": "Schük ütj ...",
    "Puzzle.cities": "Stääden:",
    "Puzzle.error0": "Klaar! Aal a %1 baustianer san rocht.",
    "Puzzle.error1": "Binai! Ian baustian as ferkiard.",
    "Puzzle.error2": "%1 baustianer san ferkiard.",
    "Puzzle.tryAgain": "Di kääntiakent baustian as ferkiard. Ferschük det noch ans.",
    "Puzzle.help": "Halep",
    "Puzzle.checkAnswers": "Oonswaaren efterluke",
    "Puzzle.helpText": "Hinge för arke lun (green) sin flag bi, schük det spriak ütj an maage en staapel mä stääden."
}