{
    "@metadata": {
        "authors": [
            "P. S. F. Freitas"
        ]
    },
    "Apps.subtitle": "peteĩ techa myatyrõ hekoha",
    "Apps.blocklyMessage": "Blockly",
    "Apps.codeTooltip": "Ehecha JavaScript mba'e apopyre.",
    "Apps.linkTooltip": "Oñongatu ha ombojoaju vorekuéra.",
    "Apps.runTooltip": "Pejapo pe jejaporã vorekuéra ohechauka akue tembiapo rendápe.",
    "Apps.runProgram": "Pejapo pe Jejaporã",
    "Apps.resetProgram": "Ñepyrũ jey",
    "Apps.catLogic": "Kuaarape",
    "Apps.catLoops": "Tapykuegua",
    "Apps.catMath": "Papapykuaa",
    "Apps.catText": "Jehaipy",
    "Apps.catLists": "Tysýi",
    "Apps.catColour": "Sa'y",
    "Apps.catVariables": "Ñemoambuéva",
    "Apps.catProcedures": "Aporeko",
    "Apps.httpRequestError": "Peteĩ tekojepe'y ohechauka.",
    "Apps.linkAlert": "Temboja'o nde vorekuéra ko joaju ndie:\n\n%1",
    "Apps.listVariable": "tysýi",
    "Apps.textVariable": "jehaipy",
    "Turtle.title": "Karumbe Ha'angava",
    "Maze.doCode": "pejapo",
    "Maze.elseCode": "térã",
    "Plane.placeholder": "?",
    "Puzzle.country1Language": "Ingyaterrañe'ẽ",
    "Puzzle.country1City1": "Melbourne",
    "Puzzle.country1City2": "Sydney",
    "Puzzle.country1HelpUrl": "https://gn.wikipedia.org/wiki/Auteralia",
    "Puzzle.country2": "Alemaña",
    "Puzzle.country2Language": "Alemañañe'ẽ",
    "Puzzle.country2City1": "Berlin",
    "Puzzle.country2City2": "Múnich",
    "Puzzle.country2HelpUrl": "https://gn.wikipedia.org/wiki/Alemaña",
    "Puzzle.country3": "China",
    "Puzzle.country3Language": "Chinañe'ẽ",
    "Puzzle.country3City1": "Mbejingo",
    "Puzzle.country3City2": "Changái",
    "Puzzle.country3HelpUrl": "https://gn.wikipedia.org/wiki/China",
    "Puzzle.country4": "Pindorama",
    "Puzzle.country4Language": "Poytugañe'ẽ",
    "Puzzle.country4City1": "Rio de Janeiro",
    "Puzzle.country4City2": "São Paulo",
    "Puzzle.country4HelpUrl": "https://gn.wikipedia.org/wiki/Brasil",
    "Puzzle.flag": "poyvi:",
    "Puzzle.language": "ñe'ẽ:",
    "Puzzle.languageChoose": "jeporavo...",
    "Puzzle.cities": "táva:",
    "Puzzle.error0": "Iporãite!\nOpa %1 vorekuéra oĩ porã.",
    "Puzzle.error1": "Haimete porã! Peteĩ vore oĩ vai.",
    "Puzzle.error2": "%1 vorekuéra oĩ vai.",
    "Turtle.penUp": "ejupi haiha",
    "Turtle.penDown": "eguejy haiha",
    "Turtle.printHelpUrl": "https://en.wikipedia.org/wiki/Printing",
    "Turtle.fontHelpUrl": "https://en.wikipedia.org/wiki/Font",
    "Turtle.font": "tai ysaja",
    "Turtle.fontSize": "tai tuichakue",
    "Turtle.fontNormal": "tai tee",
    "Turtle.fontBold": "bold",
    "Turtle.fontItalic": "italic",
    "Turtle.unloadWarning": "Resẽvo nde rekañyta opa nde rembiapo.",
    "Turtle.runTooltip": "Ejapouka karumbe vore he'iva.",
    "Turtle.captureTooltip": "Ñongatu ta'anga.",
    "Turtle.imgFilename": "ta'anga.png",
    "Turtle.catTurtle": "Karumbe"
}