{
    "@metadata": {
        "authors": [
            "EagerLin"
        ]
    },
    "Apps.dialogOk": "確定",
    "Apps.dialogCancel": "取消",
    "Apps.catMath": "Sṳ-ho̍k kûng-sṳt",
    "Apps.catText": "文字",
    "Apps.catLists": "列表",
    "Apps.catColour": "顏色",
    "Apps.catVariables": "變量",
    "Apps.catProcedures": "流程",
    "Apps.httpRequestError": "命令出現錯誤。",
    "Apps.xmlError": "沒存到你保存个檔案。可能它係從其他版本个Blockly創建麼？",
    "Apps.listVariable": "列表",
    "Apps.textVariable": "文字",
    "Code.badCode": "程式毋錯：\n%1",
    "Code.timeout": "超過最大執行數。",
    "Code.title": "程式碼",
    "Puzzle.title": "迷局",
    "Apps.puzzleSubtitle": "知講如何使用Blockly个介面",
    "Maze.maze": "迷宮",
    "Maze.turnLeft": "左彎",
    "Maze.turnRight": "右彎",
    "Maze.doCode": "做",
    "Maze.elseCode": "不過",
    "Maze.pathAhead": "佬前方有路",
    "Maze.pathLeft": "佬左邊有路",
    "Maze.pathRight": "佬右邊有路",
    "Maze.repeatUntil": "重覆直到",
    "Maze.moveForwardTooltip": "前行一步。",
    "Maze.turnTooltip": "向左還有向右彎90度。",
    "Puzzle.country1": "澳大利亞",
    "Puzzle.country1Language": "英語",
    "Puzzle.country1City1": "墨爾本",
    "Puzzle.country1City2": "悉尼",
    "Puzzle.country1HelpUrl": "https://en.wikipedia.org/wiki/Australia",
    "Puzzle.country2": "德國",
    "Puzzle.country2Language": "德語",
    "Puzzle.country2City1": "柏林",
    "Puzzle.country2City2": "慕尼黑",
    "Puzzle.country2HelpUrl": "https://en.wikipedia.org/wiki/Germany",
    "Puzzle.country3": "中國",
    "Puzzle.country3Language": "中文",
    "Puzzle.country3City1": "北京",
    "Puzzle.country3City2": "上海",
    "Puzzle.country3HelpUrl": "https://en.wikipedia.org/wiki/China",
    "Puzzle.country4": "巴西",
    "Puzzle.country4Language": "葡萄牙語",
    "Puzzle.country4City1": "里約熱内盧",
    "Puzzle.country4City2": "聖保羅",
    "Puzzle.country4HelpUrl": "https://en.wikipedia.org/wiki/Brazil",
    "Puzzle.flag": "旗幟",
    "Puzzle.language": "語言",
    "Puzzle.languageChoose": "選擇",
    "Puzzle.cities": "城市",
    "Puzzle.error0": "讚！\n%1 格仔全部正確。",
    "Puzzle.error1": "差滴！有 1 格毋著。",
    "Puzzle.error2": "%1 格毋著。",
    "Puzzle.tryAgain": "加光个格仔毋著。\n繼續努力。",
    "Puzzle.help": "幫助",
    "Puzzle.checkAnswers": "核對答案",
    "Puzzle.helpText": "每隻國家（青色），選擇其對應个旗幟，語言，與城市。"
}