{
    "@metadata": [],
    "Apps.dialogOk": "კარგი",
    "Puzzle.title": "თავსატეხი",
    "Puzzle.country1": "ავსტრალია",
    "Puzzle.country1Language": "ინგლისური",
    "Puzzle.country1City1": "მელბურნი",
    "Puzzle.country1City2": "სიდნეი",
    "Puzzle.country1HelpUrl": "https://ka.wikipedia.org/wiki/ავსტრალია",
    "Puzzle.country2": "გერმანია",
    "Puzzle.country2Language": "გერმანული",
    "Puzzle.country2City1": "ბერლინი",
    "Puzzle.country2City2": "მიუნხენი",
    "Puzzle.country2HelpUrl": "https://ka.wikipedia.org/wiki/გერმანია",
    "Puzzle.country3": "ჩინეთი",
    "Puzzle.country3Language": "ჩინური",
    "Puzzle.country3City1": "პეკინი",
    "Puzzle.country3City2": "შანხაი",
    "Puzzle.country3HelpUrl": "https://ka.wikipedia.org/wiki/ჩინეთი",
    "Puzzle.country4": "ბრაზილია",
    "Puzzle.country4Language": "პორტუგალიური",
    "Puzzle.country4City1": "რიო-დე-ჟანეირო",
    "Puzzle.country4City2": "სან-პაულუ",
    "Puzzle.country4HelpUrl": "https://ka.wikipedia.org/wiki/ბრაზილია",
    "Puzzle.flag": "დროშა:",
    "Puzzle.language": "ენა:",
    "Puzzle.languageChoose": "აირჩიეთ...",
    "Puzzle.cities": "ქალაქები:",
    "Puzzle.error0": "ბრწყინვალეა!\nყველა %1 ბლოკი სწორია.",
    "Puzzle.error1": "თითქმის! ერთი ბლოკი არასწორია.",
    "Puzzle.error2": "%1 ბლოკი არასწორია.",
    "Puzzle.tryAgain": "გამოყოფილი ბლოკი არასწორია.\nკიდევ სცადეთ.",
    "Puzzle.help": "დახმარება",
    "Puzzle.checkAnswers": "პასუხების შემოწმება",
    "Puzzle.helpText": "თითოეულ ქვეყანას (მწვანე), მიამაგრეთ მისი დროშა, აირჩიეთ ოფიციალური ენა და ამ ქვეყანაში მდებარე ქალაქები."
}