{
    "@metadata": [],
    "Apps.dialogOk": "យល់ព្រម",
    "Puzzle.title": "ល្បែងផ្គុំប្លុក",
    "Puzzle.country1": "អូស្ត្រាលី",
    "Puzzle.country1Language": "ភាសាអង់គ្លេស",
    "Puzzle.country1City1": "ម៉ែលបូន",
    "Puzzle.country1City2": "ស៊ីដនី",
    "Puzzle.country1HelpUrl": "https://km.wikipedia.org/wiki/អូស្ត្រាលី",
    "Puzzle.country2": "អាល្លឺម៉ង់",
    "Puzzle.country2Language": "ភាសាអាល្លឺម៉ង់",
    "Puzzle.country2City1": "ប៊ែរឡាំង",
    "Puzzle.country2City2": "មុយនិច",
    "Puzzle.country2HelpUrl": "https://km.wikipedia.org/wiki/អាល្លឺម៉ង់",
    "Puzzle.country3": "ចិន",
    "Puzzle.country3Language": "ភាសាចិន",
    "Puzzle.country3City1": "ប៉េកាំង",
    "Puzzle.country3City2": "សៀងហៃ",
    "Puzzle.country3HelpUrl": "https://km.wikipedia.org/wiki/ចិន",
    "Puzzle.country4": "ប្រេស៊ីល",
    "Puzzle.country4Language": "ភាសាព័រទុយហ្គាល់",
    "Puzzle.country4City1": "រ្យូដេចានេរ៉ូ",
    "Puzzle.country4City2": "សៅប៉ូឡូ",
    "Puzzle.country4HelpUrl": "https://km.wikipedia.org/wiki/ប្រេស៊ីល",
    "Puzzle.flag": "ទង់ជាតិ",
    "Puzzle.language": "ភាសា៖",
    "Puzzle.languageChoose": "ជ្រើសរើស...",
    "Puzzle.cities": "ទីក្រុង៖",
    "Puzzle.error0": "ល្អណាស់!\nផ្គុំត្រូវប្លុកចំនួន%1ទាំងអស់ហើយ។",
    "Puzzle.error1": "ជិតហើយៗ! នៅសល់តែប្លុកមួយទៀតមិនទាន់ត្រូវ។",
    "Puzzle.error2": "នៅសល់ប្លុកចំនួន %1 ទៀតមិនទាន់ត្រឹមត្រូវ។",
    "Puzzle.tryAgain": "ប្លុកដែលដាក់ពណ៌ហ៊ុំមិនទាន់ត្រឹមត្រូវទេ។\nសូមព្យាយាមបន្ត។",
    "Puzzle.help": "ជំនួយ",
    "Puzzle.checkAnswers": "ផ្ទៀងផ្ទាត់ចម្លើយ",
    "Puzzle.helpText": "ភ្ជាប់ទង់ជាតិ ជ្រើសរើសភាសា និង ផ្គុំឈ្មោះទីក្រុងសម្រាប់ប្រទេសនីមួយៗ (ពណ៌បៃតង)។"
}