{
    "@metadata": [],
    "Apps.dialogOk": "Jebongt!",
    "Puzzle.title": "Possel",
    "Puzzle.country1": "Außtraalije",
    "Puzzle.country1Language": "Änglesch",
    "Puzzle.country1City1": "Mälbörn",
    "Puzzle.country1City2": "Sydney",
    "Puzzle.country1HelpUrl": "https://ksh.wikipedia.org/wiki/Außtraalijje_(Schtaat)",
    "Puzzle.country2": "Deutschland",
    "Puzzle.country2Language": "Deutsch",
    "Puzzle.country2City1": "Bälliin",
    "Puzzle.country2City2": "Mönnsche",
    "Puzzle.country2HelpUrl": "https://ksh.wikipedia.org/wiki/Deutschland",
    "Puzzle.country3": "Schiina",
    "Puzzle.country3Language": "Schineesesch",
    "Puzzle.country3City1": "Peeking",
    "Puzzle.country3City2": "Schanghai",
    "Puzzle.country3HelpUrl": "https://ksh.wikipedia.org/wiki/Schiina",
    "Puzzle.country4": "Brasiilije",
    "Puzzle.country4Language": "Pochtojeesesch",
    "Puzzle.country4City1": "Rio_de_Schaneero",
    "Puzzle.country4City2": "São Paulo",
    "Puzzle.country4HelpUrl": "https://ksh.wikipedia.org/wiki/Brasiilije",
    "Puzzle.flag": "Fahn:",
    "Puzzle.language": "Schprooch:",
    "Puzzle.languageChoose": "Söhk jäd uß...",
    "Puzzle.cities": "Schtädt:",
    "Puzzle.error0": "Supper!\nAlle %1 Klözje sin reschtesch.",
    "Puzzle.error1": "Beinah! Ei Klözje es verkeeht.",
    "Puzzle.error2": "%1 Klözje sin verkeeht.",
    "Puzzle.tryAgain": "Dat eine Klözje es verkeht.\nVersöhg et norr_ens.",
    "Puzzle.help": "Hölp",
    "Puzzle.checkAnswers": "Prööve!",
    "Puzzle.helpText": "För jedes Land, en Jröhn, donn däm sing Fahn draan, söhk sing Schprooch uß, un donn däm sing Schtädt opleßte."
}