{
    "@metadata": [],
    "Apps.dialogOk": "Baş e",
    "Puzzle.country1": "Awistralya",
    "Puzzle.country1Language": "Îngilîzî",
    "Puzzle.country2": "Elmanya",
    "Puzzle.country2Language": "Elmanî",
    "Puzzle.country2City1": "Berlîn",
    "Puzzle.country4City2": "São Paulo",
    "Puzzle.flag": "al:",
    "Puzzle.language": "ziman:",
    "Puzzle.languageChoose": "hilbijêre...",
    "Puzzle.cities": "bajar:",
    "Puzzle.help": "Alîkarî",
    "Puzzle.checkAnswers": "Bersivan kontrol bike"
}