{
    "@metadata": [],
    "Apps.dialogOk": "OK",
    "Puzzle.title": "Баш катырма.",
    "Puzzle.country1": "Австралия",
    "Puzzle.country1Language": "Англисче",
    "Puzzle.country1City1": "Мельбурн",
    "Puzzle.country1City2": "Сидней",
    "Puzzle.country1HelpUrl": "https://ky.wikipedia.org/wiki/Австралия",
    "Puzzle.country2": "Германия",
    "Puzzle.country2Language": "Немисче",
    "Puzzle.country2City1": "Берлин",
    "Puzzle.country2City2": "Мюнхен",
    "Puzzle.country2HelpUrl": "https://ky.wikipedia.org/wiki/Германия",
    "Puzzle.country3": "Кытай",
    "Puzzle.country3Language": "Кытайча",
    "Puzzle.country3City1": "Бээжин",
    "Puzzle.country3City2": "Шанхай",
    "Puzzle.country3HelpUrl": "https://ky.wikipedia.org/wiki/Кытай",
    "Puzzle.country4": "Бразилия",
    "Puzzle.country4Language": "Португалча",
    "Puzzle.country4City1": "Рио-де-Жанейро",
    "Puzzle.country4City2": "Сан-Паулу",
    "Puzzle.country4HelpUrl": "https://ky.wikipedia.org/wiki/Бразилия",
    "Puzzle.flag": "туу:",
    "Puzzle.language": "Тили:",
    "Puzzle.languageChoose": "тандаңыз...",
    "Puzzle.cities": "шаарлары:",
    "Puzzle.error0": "Мыкты!\nБардык блоктор %1 туура жайгашкан.",
    "Puzzle.error1": "Аз калды!\nБир блок гана туура эмес жайгашкан.",
    "Puzzle.error2": "Бир нече блок (%1) туура эмес жайгашкан.",
    "Puzzle.tryAgain": "Белгиленген блок туура эмес жайгашкан.\nДагы аракет кылыңыз.",
    "Puzzle.help": "Жардам",
    "Puzzle.checkAnswers": "Жоопторду текшерүү",
    "Puzzle.helpText": "Ар бир өлкөгө (жашыл), туусун кадаңыз, расмий тилин тандаңыз, жана ал өлкөнүн шаарларын белгилеңиз."
}