{
    "@metadata": [],
    "Apps.dialogOk": "ASSENTIOR",
    "Puzzle.title": "Ludus",
    "Puzzle.country1": "Australia",
    "Puzzle.country1Language": "Lingua Anglica",
    "Puzzle.country1City1": "Melburnia",
    "Puzzle.country1City2": "Sydneium",
    "Puzzle.country1HelpUrl": "https://la.wikipedia.org/wiki/Australia",
    "Puzzle.country2": "Germania",
    "Puzzle.country2Language": "Lingua Theodisca",
    "Puzzle.country2City1": "Berolinum",
    "Puzzle.country2City2": "Monacum",
    "Puzzle.country2HelpUrl": "https://la.wikipedia.org/wiki/Germania",
    "Puzzle.country3": "Sina",
    "Puzzle.country3Language": "Lingua Sinica",
    "Puzzle.country3City1": "Pechinum",
    "Puzzle.country3City2": "Sciamhaevum",
    "Puzzle.country3HelpUrl": "https://la.wikipedia.org/wiki/Res_Publica_Popularis_Sinarum",
    "Puzzle.country4": "Brasilia",
    "Puzzle.country4Language": "Lingua Lusitana",
    "Puzzle.country4City1": "Urbs Fluminensis",
    "Puzzle.country4City2": "Urbs Paulistana",
    "Puzzle.country4HelpUrl": "https://la.wikipedia.org/wiki/Brasilia",
    "Puzzle.flag": "vexillum:",
    "Puzzle.language": "Lingua:",
    "Puzzle.languageChoose": "elige...",
    "Puzzle.cities": "urbes:",
    "Puzzle.error0": "Bene!\nOmnes %1 sectiones recte solvisti.",
    "Puzzle.error1": "Paene! Una sectio vitiosa est.",
    "Puzzle.error2": "%1 sectiones vitiosae sunt.",
    "Puzzle.tryAgain": "Sectio excerpta vitiosa est.",
    "Puzzle.help": "Auxilium",
    "Puzzle.checkAnswers": "Responsa examinare",
    "Puzzle.helpText": "Unicuique civitati vexillum proprium adiunge, linguam elige et urbes eius indice."
}