{
    "@metadata": {
        "authors": [
            "Mogoeilor"
        ]
    },
    "Apps.subtitle": "یه راساگه برنامه نیسی قاول دیئن",
    "Apps.blocklyMessage": "قلف بیه",
    "Apps.codeTooltip": "سیل کد جاوا اسکریپت راس بیه بکید",
    "Apps.linkTooltip": "بخشیانه ذخیره و هوم پیوند بکید",
    "Apps.runProgram": "برنامه نه اجرا بکیت",
    "Apps.resetProgram": "د نو شرو كردن",
    "Apps.dialogOk": "خوئه",
    "Apps.dialogCancel": "رد كردن",
    "Apps.catLogic": "علقمنی",
    "Apps.catLoops": "حلقه یا",
    "Apps.catMath": "حساو کتاو",
    "Apps.catText": "متن",
    "Apps.catLists": "نوم گه یا",
    "Apps.catColour": "رن",
    "Apps.catVariables": "آلشت ونا",
    "Apps.catProcedures": "رویه یا",
    "Apps.httpRequestError": "یه گل مشگل وا درحاست هئ",
    "Apps.linkAlert": "بخشیاتونه وا ای هوم پیوند بهر بکید",
    "Apps.listVariable": "نوم گه",
    "Apps.textVariable": "متن",
    "Code.badCode": "خطا برنامه:%1",
    "Code.title": "کد",
    "Code.blocks": "بخشیا",
    "Puzzle.title": "چنه چنه",
    "Maze.maze": "پلاق بیئن",
    "Plane.plane": "زمی",
    "Maze.moveForward": "رو نها",
    "Maze.turnLeft": "بلرن د چپ",
    "Maze.turnRight": "بلرن د راست",
    "Maze.doCode": "انجوم بئه",
    "Maze.elseCode": "هنی",
    "Maze.pathAhead": "ار تور شر نهایی",
    "Maze.pathLeft": "ار تور شر د چپه",
    "Maze.pathRight": "ار تور شر د راسته",
    "Maze.repeatUntil": "تا تکرار کو",
    "Maze.helpRun": "برنامه تونه ونیت وا کار اوسه بوینیت چی بوئه",
    "Maze.helpSkins": "دنگ حون دلخاتونه د ای نوم ون انتخاو بکید",
    "Plane.getRows": "ردیفیا (%1)",
    "Plane.seats": "صندلیا:%1",
    "Plane.placeholder": "؟",
    "Plane.setSeats": "صنه لیا=",
    "Puzzle.country1": "استراليا",
    "Puzzle.country1Language": "انگيليسی",
    "Puzzle.country1City1": "ملبورن",
    "Puzzle.country1City2": "سیدنی",
    "Puzzle.country1HelpUrl": "https://en.wikipedia.org/wiki/Australia",
    "Puzzle.country2": "آلمان",
    "Puzzle.country2Language": "آلمانی",
    "Puzzle.country2City1": "برلین",
    "Puzzle.country2City2": "مونیخ",
    "Puzzle.country2HelpUrl": "https://en.wikipedia.org/wiki/Germany",
    "Puzzle.country3": "چین",
    "Puzzle.country3Language": "چینی",
    "Puzzle.country3City1": "بی جینگ",
    "Puzzle.country3City2": "شانگای",
    "Puzzle.country3HelpUrl": "https://en.wikipedia.org/wiki/China",
    "Puzzle.country4": "برزیل",
    "Puzzle.country4Language": "پرتغالی",
    "Puzzle.country4City1": "ریو دو جانیرو",
    "Puzzle.country4City2": "سائو پائولو",
    "Puzzle.country4HelpUrl": "https://en.wikipedia.org/wiki/Brazil",
    "Puzzle.flag": "بیرق:",
    "Puzzle.language": "زون:",
    "Puzzle.languageChoose": "انتخاو بکید.......",
    "Puzzle.cities": "شهریا:",
    "Puzzle.error0": "عالیه:\nهمه بخشیا %1 راستن.",
    "Puzzle.help": "هومياری",
    "Puzzle.checkAnswers": "جواویانه وارسی کو",
    "Turtle.moveForward": "رو نها وا",
    "Turtle.moveBackward": "رو وادما وا",
    "Turtle.turnRight": "بلرن د راست وا",
    "Turtle.turnLeft": "بلرن د چپ وا",
    "Turtle.colourTooltip": "رنگ پی نیس آلشت بکید",
    "Turtle.printHelpUrl": "https://en.wikipedia.org/wiki/Printing",
    "Turtle.print": "چاپ كردن",
    "Turtle.fontHelpUrl": "https://en.wikipedia.org/wiki/Font",
    "Turtle.font": "فونت",
    "Turtle.fontSize": "انازه فونت",
    "Turtle.fontNormal": "عادی",
    "Turtle.fontBold": "مئن پر",
    "Turtle.fontItalic": "كج كوله",
    "Turtle.imgFilename": "کشی ین.png"
}