{
    "@metadata": {
        "authors": [
            "Eitvys200",
            "Vilius2001"
        ]
    },
    "Apps.blocklyMessage": "Blockly",
    "Apps.runProgram": "Paleisti Programą",
    "Apps.resetProgram": "Atnaujinti",
    "Apps.dialogOk": "Gerai",
    "Apps.dialogCancel": "Atšaukti",
    "Apps.catLogic": "Logika",
    "Apps.catMath": "Matematika",
    "Apps.catText": "Tekstas",
    "Apps.catLists": "Sąrašai",
    "Apps.catColour": "Spalva",
    "Apps.catVariables": "Kintamieji",
    "Apps.catProcedures": "Procedūros",
    "Apps.httpRequestError": "Iškilo problema su prašymu.",
    "Apps.listVariable": "sąrašas",
    "Apps.textVariable": "tekstas",
    "Code.badCode": "Programos klaida:\n%1",
    "Code.title": "Kodas",
    "Code.blocks": "Blokai",
    "Code.trashTooltip": "Pašalinti visus blokus.",
    "Puzzle.title": "Galvosūkis",
    "Maze.maze": "Labirintas",
    "Turtle.title": "Vėžlio Grafika",
    "Plane.plane": "Lėktuvas",
    "Maze.moveForward": "judėti į priekį",
    "Maze.turnLeft": "Suk į kairę",
    "Maze.turnRight": "Suk į dešinę",
    "Maze.doCode": "daryti",
    "Maze.elseCode": "kitas",
    "Maze.repeatUntil": "kartoti iki",
    "Plane.rows": "Eilutės: %1",
    "Plane.getRows": "eilutės (%1)",
    "Plane.seats": "Vietos: %1",
    "Plane.placeholder": "?",
    "Plane.setSeats": "Vietos =",
    "Puzzle.country1": "Australija",
    "Puzzle.country1Language": "Anglų",
    "Puzzle.country1City1": "Melburnas",
    "Puzzle.country1City2": "Sidnėjus",
    "Puzzle.country1HelpUrl": "https://en.wikipedia.org/wiki/Australia",
    "Puzzle.country2": "Vokietija",
    "Puzzle.country2Language": "Vokietijos",
    "Puzzle.country2City1": "Berlynas",
    "Puzzle.country2City2": "Miunchenas",
    "Puzzle.country2HelpUrl": "https://en.wikipedia.org/wiki/Germany",
    "Puzzle.country3": "Kinija",
    "Puzzle.country3Language": "Kinų",
    "Puzzle.country3City1": "Pekinas",
    "Puzzle.country3City2": "Šanchajus",
    "Puzzle.country3HelpUrl": "https://en.wikipedia.org/wiki/China",
    "Puzzle.country4": "Brazilija",
    "Puzzle.country4Language": "Portugalų",
    "Puzzle.country4City1": "Rio de Žaneiras",
    "Puzzle.country4City2": "San Paulas",
    "Puzzle.country4HelpUrl": "https://en.wikipedia.org/wiki/Brazil",
    "Puzzle.flag": "vėliava:",
    "Puzzle.language": "kalba:",
    "Puzzle.languageChoose": "pasirinkti...",
    "Puzzle.cities": "miestai:",
    "Puzzle.error0": "Puiku!\nVisi %1 blokai yra teisingi.",
    "Puzzle.error1": "Beveik! Vienas blokas yra neteisingas.",
    "Puzzle.error2": "%1 blokai yra neteisingi.",
    "Puzzle.tryAgain": "Paryškintas blokas nėra teisingas.\nToliau bandykite.",
    "Puzzle.help": "Pagalba",
    "Puzzle.checkAnswers": "Patikrinti Atsakymus",
    "Puzzle.helpText": "Kiekvienai šaliai (žalia), pridėkite vėliavą, pasirinkite savo kalbą, ir padarykite savo miestų kaminą.",
    "Turtle.setWidth": "nustatyti plotį",
    "Turtle.setColour": "nustatyti spalvą",
    "Turtle.hideTurtle": "slėpti vėžlį",
    "Turtle.showTurtle": "rodyti vėžlį",
    "Turtle.printHelpUrl": "https://en.wikipedia.org/wiki/Printing",
    "Turtle.print": "spausdinti",
    "Turtle.fontHelpUrl": "https://en.wikipedia.org/wiki/Font",
    "Turtle.font": "šriftas",
    "Turtle.fontSize": "šrifto dydis",
    "Turtle.fontNormal": "normalus",
    "Turtle.fontBold": "paryškinti",
    "Turtle.fontItalic": "pasvirasis",
    "Turtle.unloadWarning": "Paliekant šį puslapį jus prarasite savo darbą.",
    "Turtle.captureTooltip": "Išsaugoti priešinį.",
    "Turtle.imgFilename": "drawing.png",
    "Turtle.catTurtle": "Vėžlys"
}