{
    "@metadata": {
        "authors": [
            "Jagwar"
        ]
    },
    "Apps.subtitle": "Tontolo fanoratam-pandaharana ara-pijery",
    "Apps.blocklyMessage": "Blockly",
    "Apps.codeTooltip": "Hijery ny kaody JavaScript namboarina.",
    "Apps.linkTooltip": "Hitahiry ary hampirohy amin'ny bolongana.",
    "Apps.runTooltip": "Handefa ny fandaharana voafaritry ny bolongana ao amin'ny erana iasana.",
    "Apps.runProgram": "Handefa ny fandaharana",
    "Apps.resetProgram": "Averina",
    "Apps.dialogOk": "OK",
    "Apps.dialogCancel": "Aoka ihany",
    "Apps.catLogic": "Lôjika",
    "Apps.catLoops": "Tondro mifolaka",
    "Apps.catMath": "Matematika",
    "Apps.catText": "Soratra",
    "Apps.catLists": "Lisitra",
    "Apps.catColour": "Loko",
    "Apps.catVariables": "Ova",
    "Apps.catProcedures": "Paika",
    "Apps.httpRequestError": "Nisy olana tamin'ilay hataka.",
    "Apps.linkAlert": "Zarao amin'ity rohy ity ny bolonganao: \n\n%1",
    "Apps.hashError": "Miala tsiny, tsy miady amin'ny fandaharana notehirizina '%1'.",
    "Apps.xmlError": "Tsy nahasokatra ny rakitra voatahirinao. Mety namboarina tamin'ny versionan'i Blockly hafa angamba ilay izy?",
    "Apps.listVariable": "lisitra",
    "Apps.textVariable": "soratra",
    "Code.badXml": "Hadisoana tam-pamakiana ny XML:\n%1\n\nSafidio 'OK' raha hamoy ny fiovana, na 'Aoka ihany' raha mbola hitoy hanova ny XML.",
    "Code.badCode": "Hadisoam-pandaharana:\n%1",
    "Code.timeout": "Tafahoatra ny isa ambony indrindra ny isan'ny fiverimberenana.",
    "Code.discard": "Hamafa ny bolongana %1?",
    "Code.title": "Kaody",
    "Code.blocks": "Bolongana",
    "Code.trashTooltip": "Hanary ny bolongana rehetra.",
    "Graph.title": "Mpikajy ara-tsary",
    "Apps.indexTitle": "Fandaharana Blockly",
    "Apps.indexFooter": "Malalaka ary open-souce i Blockly. Vangio %1 raha tia handray anjara amin'ny renifango na amin'ny dikan-teny.",
    "Apps.choiceIntro": "Tontolo fanoratana fandaharana ara-tsary i Blockly. Eo ambany ireo santiônam-pandaharana mampiasa an'i Blockly.",
    "Puzzle.title": "Piozila",
    "Apps.puzzleSubtitle": "Hianatra hampiasa an'i Blockly.",
    "Maze.maze": "Labirainty",
    "Apps.mazeSubtitle": "Hampiasa an'i Blockly hamahàna labirainty.",
    "Turtle.title": "Sokatra mpanao sarisary",
    "Apps.turtleSubtitle": "Hampiasa an'i Blockly hanaovana sarisary",
    "Apps.graphSubtitle": "Sarin-defa amin'ny alalan'i Blockly.",
    "Apps.codeSubtitle": "Hamoaka ny fandaharana Blockly amin'ny JavaScript, Python na XML.",
    "Plane.plane": "Mpikajy sezam-piaramanidina",
    "Apps.planeSubtitle": "Hamaha olana matematika mampiasa ova iray na roa.",
    "Apps.blockFactory": "Mpamoaka bolongana",
    "Apps.blockfactorySubtitle": "Bolongana manokana amin'ny alalan'i Blockly.",
    "Maze.moveForward": "handroso",
    "Maze.turnLeft": "hihodina ankavia",
    "Maze.turnRight": "hihodina ankavanana",
    "Maze.doCode": "atao",
    "Maze.elseCode": "rahatsyizany",
    "Maze.helpIfElse": "Hanaoo zavatra iray na iray hafa ny bolongana Raha-rahatsyizany",
    "Maze.pathAhead": "raha lalana eo aloha",
    "Maze.pathLeft": "raha lalana miankavia",
    "Maze.pathRight": "raha lalana miankavanana",
    "Maze.repeatUntil": "avereno hatramy",
    "Maze.capacity0": "bolongana %0 sisa.",
    "Maze.capacity1": "Bolongana %1 sisa.",
    "Maze.capacity2": "Bolongana %1 sisa.",
    "Plane.setSeats": "seza =",
    "Puzzle.language": "Fiteny:",
    "Puzzle.languageChoose": "fidio...",
    "Puzzle.cities": "tanàna:",
    "Puzzle.error0": "Tena tsara! Marina daholo ny bolongana %1.",
    "Puzzle.error1": "Saika! Bolongana iray sisa no diso.",
    "Puzzle.error2": "Bolongana %1 no diso.",
    "Puzzle.tryAgain": "Diso ilay bolongana mangirangirana.\nAndramo fanindroany.",
    "Puzzle.help": "Fanoroana",
    "Puzzle.checkAnswers": "Hanamarina ny valiny",
    "Turtle.fontNormal": "tsotra",
    "Turtle.fontBold": "soramatevina",
    "Turtle.fontItalic": "italika",
    "Turtle.unloadWarning": "Hahavery ny asano ny fialàna amin'ity pejy ity."
}