{
    "@metadata": [],
    "Apps.dialogOk": "ശരി",
    "Puzzle.title": "പ്രഹേളിക",
    "Puzzle.country1": "ഓസ്ട്രേലിയ",
    "Puzzle.country1Language": "ഇംഗ്ലീഷ്",
    "Puzzle.country1City1": "മെൽബൺ",
    "Puzzle.country1City2": "സിഡ്നി",
    "Puzzle.country1HelpUrl": "https://ml.wikipedia.org/wiki/Australia",
    "Puzzle.country2": "ജർമ്മനി",
    "Puzzle.country2Language": "ജെർമ്മൻ",
    "Puzzle.country2City1": "ബെർലിൻ",
    "Puzzle.country2City2": "മ്യൂണിക്",
    "Puzzle.country2HelpUrl": "https://ml.wikipedia.org/wiki/Germany",
    "Puzzle.country3": "ചൈന",
    "Puzzle.country3Language": "ചൈനീസ്",
    "Puzzle.country3City1": "ബീജിങ്ങ്",
    "Puzzle.country3City2": "ഷാങ്ഹായ്",
    "Puzzle.country3HelpUrl": "https://ml.wikipedia.org/wiki/China",
    "Puzzle.country4": "ബ്രസീൽ",
    "Puzzle.country4Language": "പോർച്ചുഗീസ്",
    "Puzzle.country4City1": "റിയോ ഡി ജനീറോ",
    "Puzzle.country4City2": "സാവോ പോളോ",
    "Puzzle.country4HelpUrl": "https://ml.wikipedia.org/wiki/Brazil",
    "Puzzle.flag": "പതാക:",
    "Puzzle.language": "ഭാഷ:",
    "Puzzle.languageChoose": "തിരഞ്ഞെടുക്കുക:",
    "Puzzle.cities": "പട്ടണങ്ങൾ:",
    "Puzzle.error0": "കൊള്ളാം!\nഎല്ലാ %1 തടയലുകളും ശരിയാണ്.",
    "Puzzle.error1": "കുഴപ്പമില്ല! ഒരു തടയൽ ശരിയല്ല.",
    "Puzzle.error2": "%1 തടയലുകൾ ശരിയല്ല.",
    "Puzzle.tryAgain": "പ്രമുഖമാക്കി കാണിക്കുന്ന തടയൽ ശരിയല്ല.\nവീണ്ടും ശ്രമിക്കുക.",
    "Puzzle.help": "സഹായം",
    "Puzzle.checkAnswers": "ഉത്തരങ്ങൾ പരിശോധിക്കുക",
    "Puzzle.helpText": "ഓരോ രാജ്യത്തിനും (പച്ച), അതിന്റെ പതാക ചേർക്കുക, ഭാഷ തിരഞ്ഞെടുക്കുക ഒപ്പം നഗരങ്ങളുടെ പട്ടിക തയ്യാറാക്കുക."
}