{
    "@metadata": {
        "authors": [
            "V.narsikar"
        ]
    },
    "Apps.runProgram": "प्रोग्राम चालवा(दौडवा)",
    "Apps.resetProgram": "पुनर्स्थापित करा",
    "Apps.catLoops": "वेटोळ्या(लूप्स)",
    "Apps.catText": "मजकूर",
    "Apps.catColour": "रंग",
    "Apps.catVariables": "अस्थिरके",
    "Apps.listVariable": "यादी",
    "Apps.textVariable": "मजकूर",
    "Code.title": "संकेत",
    "Code.blocks": "ब्लॉक्स",
    "Puzzle.title": "कोडे",
    "Plane.plane": "विमान",
    "Maze.moveForwardTooltip": "खेळाडूस एक पाउल पुढे करतो",
    "Maze.runTooltip": "ब्लॉक्स काय म्हणतात त्यानुसार पात्रास काम करावयास लावते.",
    "Plane.getRows": "रांगा (%1)",
    "Plane.rows1": "प्रथम श्रेणीच्या ओळी: %1",
    "Plane.getRows2": "दुसऱ्या वर्गाची रांग(%1)",
    "Plane.setSeats": "आसने =",
    "Plane.description1": "विमानात,प्रवाश्यांसाठी आसनांच्या अनेक रांगा असतात.प्रत्येक रांगेत चार आसने असतात.",
    "Plane.description2": "विमानास, विमानन कक्षात दोन आसने असतात(वैमानिक व सह-वैमानिकासाठी) व प्रवाश्यांसाठी आसनांच्या अनेक रांगा असतात.प्रत्येक रांगेत चार आसने असतात.",
    "Plane.description3": "विमानास, विमानन कक्षात दोन आसने असतात(वैमानिक व सह-वैमानिकासाठी) व प्रथम श्रेणी व द्वितीय श्रेणी आसनांच्या अनेक रांगा असतात.प्रत्येक प्रथम श्रेणीच्या रांगेत चार आसने असतात.प्रत्येक द्वितीय श्रेणीच्या रांगेत पाच आसने असतात.",
    "Puzzle.country1": "ऑस्ट्रेलिया",
    "Puzzle.country1Language": "इंग्लिश",
    "Puzzle.country1City1": "मेलबोर्न",
    "Puzzle.country1City2": "सिडनी",
    "Puzzle.country1HelpUrl": "https://mr.wikipedia.org/wiki/%E0%A4%91%E0%A4%B8%E0%A5%8D%E0%A4%9F%E0%A5%8D%E0%A4%B0%E0%A5%87%E0%A4%B2%E0%A4%BF%E0%A4%AF%E0%A4%BE",
    "Puzzle.country2": "जर्मनी",
    "Puzzle.country2Language": "जर्मन",
    "Puzzle.country2City1": "बर्लिन",
    "Puzzle.country2City2": "म्युनिक",
    "Puzzle.country2HelpUrl": "https://mr.wikipedia.org/wiki/%E0%A4%9C%E0%A4%B0%E0%A5%8D%E0%A4%AE%E0%A4%A8%E0%A5%80",
    "Puzzle.country3": "चीन",
    "Puzzle.country3Language": "चीनचा/ची",
    "Puzzle.country3City1": "बीजिंग",
    "Puzzle.country3City2": "शांघाय",
    "Puzzle.country3HelpUrl": "https://mr.wikipedia.org/wiki/%E0%A4%9A%E0%A5%80%E0%A4%A8",
    "Puzzle.country4": "ब्राझिल",
    "Puzzle.country4Language": "पोर्तुगीज",
    "Puzzle.country4City1": "रिओ-दि-जानेरो",
    "Puzzle.country4City2": "साओ पाउलो",
    "Puzzle.country4HelpUrl": "https://mr.wikipedia.org/wiki/%E0%A4%AC%E0%A5%8D%E0%A4%B0%E0%A4%BE%E0%A4%9D%E0%A5%80%E0%A4%B2",
    "Puzzle.flag": "ध्वज:",
    "Puzzle.language": "भाषा:",
    "Puzzle.languageChoose": "निवडा...",
    "Puzzle.cities": "शहरे:",
    "Puzzle.error0": "सर्व %1 ब्लॉक्स बरोबर आहेत.",
    "Puzzle.error1": "जवळपास! एक ब्लॉक चुकिचा आहे.",
    "Puzzle.error2": "%1 ब्लॉक्स चुकिचे आहेत.",
    "Puzzle.help": "सहाय्य",
    "Puzzle.checkAnswers": "उत्तरे तपासा",
    "Puzzle.helpText": "प्रत्येक देशास (हिरव्या रंगात),त्याचा राष्ट्रध्वज लावा,त्याची भाषा निवडा व त्याच्या शहरांची चळत लावा.",
    "Turtle.moveBackward": "नी मागे चला",
    "Turtle.turnTooltip": "नमूद केलेल्या विशिष्ट कोनातून कासवास डावीकडे किंवा उजवीकडे वळविते.",
    "Turtle.turnRight": "ने उजवीकडे वळा",
    "Turtle.turnLeft": "ने डावीकडे वळा",
    "Turtle.widthTooltip": "पेनच्या रेषेची रुंदी बदलवतो.",
    "Turtle.setWidth": "ही रुंदी मांडा",
    "Turtle.setColour": "हा रंग मांडा",
    "Turtle.turtleVisibilityTooltip": "कासवास (हिरवे वर्तुळ व बाण) दृष्य किंवा अदृष्य करतो.",
    "Turtle.hideTurtle": "कासवास लपवा",
    "Turtle.showTurtle": "कासव दाखवा",
    "Turtle.fontSize": "टंकाचा आकार(साईझ)",
    "Turtle.fontNormal": "साधारण",
    "Turtle.fontBold": "ठळक",
    "Turtle.fontItalic": "तिरपी अक्षरे",
    "Turtle.unloadWarning": "या पानावरून बाहेर निघण्याने, आपण केलेले काम अदृश्य होईल.",
    "Turtle.runTooltip": "ब्लॉक्स काय म्हणतात त्यानुसार कासवास काम करावयास लावते.",
    "Turtle.captureTooltip": "रेखाटन जतन करा.",
    "Turtle.catTurtle": "कासव"
}