{
    "@metadata": [],
    "Apps.dialogOk": "خا",
    "Puzzle.title": "پازل",
    "Puzzle.country1": "استرالیا",
    "Puzzle.country1Language": "اینگلیسی",
    "Puzzle.country1City1": "ملبورن",
    "Puzzle.country1City2": "سیدنی",
    "Puzzle.country1HelpUrl": "https://mzn.wikipedia.org/wiki/استرالیا",
    "Puzzle.country2": "آلمان",
    "Puzzle.country2Language": "آلمانی",
    "Puzzle.country2City1": "برلین",
    "Puzzle.country2City2": "مونیخ",
    "Puzzle.country2HelpUrl": "https://en.wikipedia.org/wiki/Germany",
    "Puzzle.country3": "چین",
    "Puzzle.country3Language": "چینی",
    "Puzzle.country3City1": "پکن",
    "Puzzle.country3City2": "شانگهای",
    "Puzzle.country3HelpUrl": "https://en.wikipedia.org/wiki/China",
    "Puzzle.country4": "برزیل",
    "Puzzle.country4Language": "پرتغال",
    "Puzzle.country4City1": "ریو دوژانیرو",
    "Puzzle.country4City2": "سائوپائولو",
    "Puzzle.country4HelpUrl": "https://mzn.wikipedia.org/wiki/برزیل",
    "Puzzle.flag": "پرچم:",
    "Puzzle.language": "زوون:",
    "Puzzle.languageChoose": "چینه...",
    "Puzzle.cities": "شهر:",
    "Puzzle.error0": "خاره!\nتموم  %1 بلوک‌ها درست هسته.",
    "Puzzle.error1": "تقریباً! اتا بلوک غلطه.",
    "Puzzle.error2": " %1 بلوک‌ها غلط هستنه.",
    "Puzzle.tryAgain": "پررنگ بلوک غلطه.\nاَی دِباره تِلاش هاکن.",
    "Puzzle.help": "کومک",
    "Puzzle.checkAnswers": "جوابِ بررسی",
    "Puzzle.helpText": "هر کشور وسّه (سَوز)، وشونِ پرچم پَلی، زوون ره چینه هاکن و ونه شهرون فهرست ره بساز"
}