{
    "@metadata": {
        "authors": [
            "Osgraven"
        ]
    },
    "Apps.codeTooltip": "Se generert JavaScriptkode",
    "Apps.runProgram": "Kjør Programmet",
    "Apps.resetProgram": "Nullstill",
    "Apps.dialogOk": "OK",
    "Apps.dialogCancel": "Avbryt",
    "Apps.catLogic": "Logikk",
    "Apps.catMath": "Matte",
    "Apps.catText": "Tekst",
    "Apps.catLists": "Lister",
    "Apps.catColour": "Farge",
    "Apps.catVariables": "Variabler",
    "Apps.catProcedures": "Prosedyrer",
    "Apps.httpRequestError": "Det oppsto et problem med forespørselen din",
    "Apps.xmlError": "Kunne ikke laste inn filen. Kanskje den ble laget med en annen versjon av Blockly?",
    "Apps.listVariable": "Liste",
    "Apps.textVariable": "Tekst",
    "Code.title": "Kode",
    "Code.blocks": "Blokker",
    "Code.trashTooltip": "Fjern alle blokker",
    "Puzzle.title": "Puslespill",
    "Puzzle.country1": "Australia",
    "Puzzle.country1Language": "Engelsk",
    "Puzzle.country1City1": "Melbourne",
    "Puzzle.country1City2": "Sydney",
    "Puzzle.country1HelpUrl": "https://no.wikipedia.org/wiki/Australia",
    "Puzzle.country2": "Tyskland",
    "Puzzle.country2Language": "Tysk",
    "Puzzle.country2City1": "Berlin",
    "Puzzle.country2City2": "München",
    "Puzzle.country2HelpUrl": "https://no.wikipedia.org/wiki/Tyskland",
    "Puzzle.country3": "Kina",
    "Puzzle.country3Language": "Kinesisk",
    "Puzzle.country3City1": "Beijing",
    "Puzzle.country3City2": "Shanghai",
    "Puzzle.country3HelpUrl": "https://no.wikipedia.org/wiki/Kina",
    "Puzzle.country4": "Brasil",
    "Puzzle.country4Language": "Portugal",
    "Puzzle.country4City1": "Rio de Janeiro",
    "Puzzle.country4City2": "São Paulo",
    "Puzzle.country4HelpUrl": "https://no.wikipedia.org/wiki/Brasil",
    "Puzzle.flag": "flagg:",
    "Puzzle.language": "språk:",
    "Puzzle.languageChoose": "velg...",
    "Puzzle.cities": "byer:",
    "Puzzle.error0": "Perfekt!\nAlle %1 blokker er riktig.",
    "Puzzle.error1": "Nesten! En blokk er feil.",
    "Puzzle.error2": "%1 blokker er feil.",
    "Puzzle.tryAgain": "Den merkede blokken er ikke riktig.\nFortsett å prøve.",
    "Puzzle.help": "Hjelp",
    "Puzzle.checkAnswers": "Sjekk svar",
    "Puzzle.helpText": "For hvert land (grønt), sett ut flagget som hører til, velg språket og lag en gruppe med dets byer."
}