{
    "@metadata": [],
    "Apps.dialogOk": "ਠੀਕ ਹੈ।",
    "Puzzle.title": "ਬੁਝਾਰਤ",
    "Puzzle.country1": "ਆਸਟਰੇਲੀਆ",
    "Puzzle.country1Language": "ਅੰਗਰੇਜ਼ੀ",
    "Puzzle.country1City1": "ਮੈਲਬਰਨ",
    "Puzzle.country1City2": "ਸਿਡਨੀ",
    "Puzzle.country1HelpUrl": "https://pa.wikipedia.org/wiki/ਆਸਟਰੇਲੀਆ",
    "Puzzle.country2": "ਜਰਮਨੀ",
    "Puzzle.country2Language": "ਗਰਮਨ",
    "Puzzle.country2City1": "ਬਰਲਿਨ",
    "Puzzle.country2City2": "ਮਿਊਨਿਖ",
    "Puzzle.country2HelpUrl": "https://pa.wikipedia.org/wiki/ਜਰਮਨੀ",
    "Puzzle.country3": "ਚੀਨ",
    "Puzzle.country3Language": "ਚੀਨੀ",
    "Puzzle.country3City1": "ਬੀਜਿੰਗ",
    "Puzzle.country3City2": "ਸ਼ੰਘਾਈ",
    "Puzzle.country3HelpUrl": "https://pa.wikipedia.org/wiki/ਚੀਨ",
    "Puzzle.country4": "ਬ੍ਰਾਜ਼ੀਲ",
    "Puzzle.country4Language": "ਪੁਰਤਗਾਲੀ",
    "Puzzle.country4City1": "ਰਿਓ ਡੀ ਜਨੇਰੋ",
    "Puzzle.country4City2": "ਸਾਓ ਪਾਓਲੋ",
    "Puzzle.country4HelpUrl": "https://pa.wikipedia.org/wiki/ਬ੍ਰਾਜ਼ੀਲ",
    "Puzzle.flag": "ਝੰਡਾ:",
    "Puzzle.language": "ਭਾਸ਼ਾ:",
    "Puzzle.languageChoose": "ਚੁਣੋ...",
    "Puzzle.cities": "ਸ਼ਹਿਰ:",
    "Puzzle.error0": "ਬਹੁਤ ਵਧੀਆ!\nਸਾਰੇ $1 ਬਲਾਕ ਸਹੀ ਹਨ।",
    "Puzzle.error1": "ਬਸ ਹੋ ਗਿਆ ਸੀ! ਇੱਕ ਬਲਾਕ ਗ਼ਲਤ ਸੀ।",
    "Puzzle.error2": "%1 ਬਲਾਕ ਗ਼ਲਤ ਹਨ।",
    "Puzzle.tryAgain": "ਉੱਭਰਿਆ ਹੋਇਆ ਬਲਾਕ ਗ਼ਲਤ ਹੈ।\nਕੋਸ਼ਿਸ਼ ਕਰਦੇ ਰਹੋ।",
    "Puzzle.help": "ਮਦਦ",
    "Puzzle.checkAnswers": "ਜੁਆਬ ਚੈੱਕ ਕਰੋ",
    "Puzzle.helpText": "ਹਰੇਕ ਦੇਸ਼ (ਹਰਾ) ਲਈ, ਉਹਦਾ ਝੰਡਾ ਲਗਾਓ, ਉਹਦੀ ਭਾਸ਼ਾ ਚੁਣੋ ਅਤੇ ਉਹਦੇ ਸ਼ਹਿਰਾਂ ਦਾ ਢੇਰ ਬਣਾਓ।"
}