{
    "@metadata": {
        "authors": [
            "Ahmed-Najib-Biabani-Ibrahimkhel"
        ]
    },
    "Apps.dialogOk": "ښه",
    "Apps.dialogCancel": "ناگارل",
    "Apps.catLogic": "منطق",
    "Apps.catText": "متن",
    "Apps.catLists": "لړليکونه",
    "Apps.catColour": "رنگ",
    "Apps.httpRequestError": "د دې غوښتنې سره يوه ستونزه رامېنځ ته شوه",
    "Apps.listVariable": "لړليک",
    "Apps.textVariable": "متن",
    "Code.title": "کوډ",
    "Maze.turnLeft": "کيڼ تاوول",
    "Maze.turnRight": "ښي تاوول",
    "Maze.doCode": "کول",
    "Puzzle.country1": "آسټراليا",
    "Puzzle.country1Language": "انگرېزي",
    "Puzzle.country1City1": "مېلبورن",
    "Puzzle.country1City2": "سېډني",
    "Puzzle.country1HelpUrl": "https://en.wikipedia.org/wiki/Australia",
    "Puzzle.country2": "جرمني",
    "Puzzle.country2Language": "جرمن",
    "Puzzle.country2City1": "برلين",
    "Puzzle.country2City2": "ميونيښ",
    "Puzzle.country2HelpUrl": "https://en.wikipedia.org/wiki/Germany",
    "Puzzle.country3": "چين",
    "Puzzle.country3Language": "چينايي",
    "Puzzle.country3City1": "بيجېنگ",
    "Puzzle.country3City2": "شانگهای",
    "Puzzle.country3HelpUrl": "https://en.wikipedia.org/wiki/China",
    "Puzzle.country4": "برازيل",
    "Puzzle.country4Language": "پارټوگيسي",
    "Puzzle.country4City1": "رايو ډي جېنېرو",
    "Puzzle.country4City2": "ساو پاولو",
    "Puzzle.country4HelpUrl": "https://en.wikipedia.org/wiki/Brazil",
    "Puzzle.flag": "رپی",
    "Puzzle.language": "ژبه:",
    "Puzzle.languageChoose": "ټاکل...",
    "Puzzle.cities": "ښارونه",
    "Puzzle.error0": "ډېر ښه!\nټول %1 بنديزونه سم دي.",
    "Puzzle.error1": "نژدې دی! يو بنديز سم نه دی.",
    "Puzzle.error2": "%1 بنديزونه سم نه دي.",
    "Puzzle.help": "لارښود",
    "Puzzle.checkAnswers": "ځوابونه کره کول",
    "Turtle.print": "چاپول",
    "Turtle.font": "ليکبڼه",
    "Turtle.fontSize": "د ليکبڼې کچه",
    "Turtle.fontNormal": "نورمال",
    "Turtle.fontBold": "زغرد",
    "Turtle.fontItalic": "رېوند"
}