{
    "@metadata": [],
    "Apps.dialogOk": "சரி",
    "Puzzle.title": "புதிர்",
    "Puzzle.country1": "ஆத்திரேலியா",
    "Puzzle.country1Language": "ஆங்கிலம்",
    "Puzzle.country1City1": "மெல்போர்ன்",
    "Puzzle.country1City2": "சிட்னி",
    "Puzzle.country2": "ஜெர்மனி",
    "Puzzle.country2Language": "இடாய்ச்சுமொழி (செருமன்)",
    "Puzzle.country2City1": "பெர்லின்",
    "Puzzle.country2City2": "மூனிச்",
    "Puzzle.country3": "சீனா",
    "Puzzle.country3Language": "சீனர்",
    "Puzzle.country3City1": "பீஜிங்",
    "Puzzle.country3City2": "ஷாங்கை",
    "Puzzle.country4": "பிரேசில்",
    "Puzzle.country4Language": "போர்ச்சுகீஸ்",
    "Puzzle.country4City1": "ரியோ டி ஜெனிரோ",
    "Puzzle.flag": "கொடி:",
    "Puzzle.language": "மொழி:",
    "Puzzle.languageChoose": "தேர்க...",
    "Puzzle.cities": "நகரங்கள்:",
    "Puzzle.help": "உதவி",
    "Puzzle.checkAnswers": "விடைகளைச் சோதிக்கவும்"
}