{
    "@metadata": [],
    "Apps.dialogOk": "సరే",
    "Puzzle.country1": "ఆష్ట్రేలియా",
    "Puzzle.country1Language": "ఆంగ్లం",
    "Puzzle.country1City1": "మెల్‌బోర్న్",
    "Puzzle.country1City2": "సిడ్నీ",
    "Puzzle.country2": "జర్మనీ",
    "Puzzle.country2Language": "జర్మన్",
    "Puzzle.country2City1": "బెర్లిన్",
    "Puzzle.country2City2": "మ్యూనిక్",
    "Puzzle.country3": "చైనా",
    "Puzzle.country3Language": "చైనీ",
    "Puzzle.country3City1": "బీజింగ్",
    "Puzzle.country3City2": "షాంఘై",
    "Puzzle.country4": "బ్రెజిల్",
    "Puzzle.country4Language": "పోర్చుగీసు",
    "Puzzle.country4City1": "రియో డి జనీరో",
    "Puzzle.flag": "జెండా:",
    "Puzzle.language": "భాష:",
    "Puzzle.languageChoose": "ఎంచుకోండి...",
    "Puzzle.cities": "నగరాలు:",
    "Puzzle.help": "సహాయం",
    "Puzzle.checkAnswers": "జవాబులను సరిచూడు"
}