{
    "@metadata": [],
    "Puzzle.country1": "ⵓⵙⵜⵔⴰⵍⵢⴰ",
    "Puzzle.country1Language": "ⵜⵉⵏⴳⵍⵉⵣⵉⵜ",
    "Puzzle.country1City2": "ⵙⵉⴷⵏⵉ",
    "Puzzle.country2": "ⵍⴰⵍⵎⴰⵏ",
    "Puzzle.country2Language": "ⵍⴰⵍⵎⴰⵏ",
    "Puzzle.country2City1": "ⴱⵉⵔⵍⵉⵏ",
    "Puzzle.country2City2": "ⵎⵢⵓⵏⵉⵅ",
    "Puzzle.country3": "ⵛⵛⵉⵏⵡⴰ",
    "Puzzle.country3Language": "ⵜⴰⵛⵉⵏⵡⵉⵜ",
    "Puzzle.country3City1": "ⴱⵉⴽⵉⵏ",
    "Puzzle.country3City2": "ⵛⴰⵏⴳⵀⴰⵢ",
    "Puzzle.flag": "ⴰⵛⵏⵢⴰⵍ",
    "Puzzle.language": "ⵜⵓⵜⵍⴰⵢⵜ:"
}